109.607255	822.469820	0.000000	364.502685	0.193847	0.097274
109.607255	822.469820	0.000000	364.502685	0.193847	0.116588
114.989713	822.469874	0.000000	364.502661	0.192559	0.128177
113.705236	822.470119	0.000000	364.502553	0.192559	0.135903
115.830196	822.470143	0.000000	364.502542	0.193847	0.141054
114.154822	822.470183	0.000000	364.502524	0.193847	0.144916
110.384054	822.470223	0.000000	364.502507	0.193847	0.147492
113.958135	822.470245	0.000000	364.502497	0.193847	0.150067
114.836399	822.470267	0.000000	364.502487	0.192559	0.151355
113.726159	822.470350	0.000000	364.502451	0.192559	0.151355
111.711339	822.470392	0.000000	364.502432	0.193847	0.152642
113.990818	822.470734	0.000000	364.502280	0.193847	0.152642
114.853643	822.470857	0.000000	364.502226	0.193847	0.152642
113.821149	822.470887	0.000000	364.502213	0.193847	0.153930
121.065180	822.470899	0.000000	364.502207	0.193847	0.153930
110.874190	822.470929	0.000000	364.502194	0.193847	0.153930
114.987651	822.470913	0.000000	364.502201	0.193847	0.153930
112.125591	822.471094	0.000000	364.502121	0.193847	0.153930
111.927908	822.471208	0.000000	364.502070	0.193847	0.153930
114.192708	822.471392	0.000000	364.501989	0.192559	0.153930
113.958761	822.471510	0.000000	364.501936	0.193847	0.153930
111.393484	822.471527	0.000000	364.501929	0.193847	0.153930
111.486448	822.471516	0.000000	364.501934	0.193847	0.153930
113.907446	822.471226	0.000000	364.502062	0.193847	0.153930
118.401881	822.471140	0.000000	364.502100	0.192559	0.153930
111.303497	822.471102	0.000000	364.502117	0.192559	0.153930
112.418754	822.471085	0.000000	364.502125	0.192559	0.153930
114.200613	822.470851	0.000000	364.502229	0.193847	0.153930
110.547579	822.470930	0.000000	364.502194	0.192559	0.153930
115.603293	822.470888	0.000000	364.502212	0.193847	0.153930
114.327947	822.470874	0.000000	364.502218	0.192559	0.153930
113.352072	822.470815	0.000000	364.502244	0.192559	0.153930
111.369686	822.470811	0.000000	364.502246	0.192559	0.153930
115.693589	822.470375	0.000000	364.502439	0.192559	0.153930
113.352595	822.470201	0.000000	364.502516	0.192559	0.153930
113.040934	822.470341	0.000000	364.502454	0.192559	0.153930
112.582415	822.470235	0.000000	364.502501	0.192559	0.153930
115.030538	822.470149	0.000000	364.502540	0.192559	0.153930
113.733007	822.470136	0.000000	364.502545	0.192559	0.152642
115.811621	822.470072	0.000000	364.502574	0.192559	0.153930
114.541763	822.469945	0.000000	364.502630	0.191271	0.152642
113.895965	822.469797	0.000000	364.502695	0.191271	0.152642
112.769235	822.469710	0.000000	364.502734	0.191271	0.152642
112.584357	822.469604	0.000000	364.502781	0.191271	0.152642
111.349732	822.469557	0.000000	364.502802	0.191271	0.152642
109.928652	822.469524	0.000000	364.502816	0.191271	0.152642
114.657509	822.469471	0.000000	364.502840	0.191271	0.152642
114.129785	822.469430	0.000000	364.502858	0.191271	0.152642
108.943949	822.469090	0.000000	364.503009	0.191271	0.152642
110.570993	822.468922	0.000000	364.503083	0.191271	0.152642
107.303276	822.469026	0.000000	364.503037	0.191271	0.152642
110.302941	822.469023	0.000000	364.503039	0.191271	0.152642
111.430911	822.469010	0.000000	364.503044	0.191271	0.152642
112.614158	822.468870	0.000000	364.503106	0.191271	0.152642
112.822877	822.468665	0.000000	364.503197	0.191271	0.152642
111.158976	822.468670	0.000000	364.503195	0.189984	0.152642
109.605701	822.468662	0.000000	364.503199	0.191271	0.152642
112.294091	822.468528	0.000000	364.503258	0.189984	0.152642
109.118434	822.468440	0.000000	364.503297	0.189984	0.152642
110.205901	822.468400	0.000000	364.503315	0.189984	0.152642
111.899378	822.468193	0.000000	364.503406	0.189984	0.152642
111.529227	822.468167	0.000000	364.503418	0.189984	0.152642
110.364082	822.468046	0.000000	364.503472	0.189984	0.152642
107.486623	822.468046	0.000000	364.503472	0.189984	0.151355
111.740512	822.467848	0.000000	364.503559	0.189984	0.152642
111.124468	822.467871	0.000000	364.503549	0.189984	0.151355
110.195372	822.467836	0.000000	364.503565	0.189984	0.152642
107.692067	822.467630	0.000000	364.503656	0.189984	0.151355
109.782764	822.467590	0.000000	364.503674	0.189984	0.151355
109.152844	822.467403	0.000000	364.503756	0.189984	0.152642
113.709700	822.467452	0.000000	364.503735	0.189984	0.152642
110.649204	822.467300	0.000000	364.503802	0.189984	0.152642
110.033696	822.467421	0.000000	364.503749	0.189984	0.151355
110.112086	822.467547	0.000000	364.503693	0.189984	0.152642
110.949452	822.467561	0.000000	364.503687	0.188696	0.152642
111.670777	822.467569	0.000000	364.503683	0.189984	0.151355
110.014604	822.467827	0.000000	364.503569	0.189984	0.151355
110.230800	822.467850	0.000000	364.503559	0.189984	0.151355
106.503468	822.467862	0.000000	364.503553	0.188696	0.151355
111.395341	822.467897	0.000000	364.503538	0.189984	0.151355
108.422911	822.468088	0.000000	364.503453	0.189984	0.151355
109.753302	822.468146	0.000000	364.503427	0.189984	0.151355
110.378779	822.468118	0.000000	364.503440	0.189984	0.151355
114.656823	822.468405	0.000000	364.503313	0.189984	0.151355
113.090634	822.468411	0.000000	364.503310	0.189984	0.151355
108.289994	822.468434	0.000000	364.503300	0.189984	0.151355
111.377591	822.468667	0.000000	364.503196	0.189984	0.151355
114.589617	822.468691	0.000000	364.503186	0.189984	0.151355
111.293460	822.468679	0.000000	364.503191	0.189984	0.151355
111.396372	822.468810	0.000000	364.503133	0.189984	0.151355
114.497429	822.468915	0.000000	364.503086	0.189984	0.151355
110.485811	822.468993	0.000000	364.503052	0.189984	0.151355
113.692273	822.469072	0.000000	364.503017	0.189984	0.152642
109.881690	822.469033	0.000000	364.503034	0.189984	0.152642
115.301965	822.469266	0.000000	364.502931	0.189984	0.152642
109.874117	822.469370	0.000000	364.502885	0.189984	0.152642
112.792784	822.469450	0.000000	364.502849	0.189984	0.152642
113.250115	822.469445	0.000000	364.502852	0.189984	0.152642
107.967671	822.469340	0.000000	364.502898	0.189984	0.151355
111.501383	822.469536	0.000000	364.502811	0.189984	0.152642
110.472326	822.469775	0.000000	364.502705	0.189984	0.152642
115.076847	822.469791	0.000000	364.502698	0.191271	0.151355
112.583278	822.469995	0.000000	364.502608	0.191271	0.152642
115.425676	822.469981	0.000000	364.502614	0.189984	0.152642
108.608093	822.469979	0.000000	364.502615	0.189984	0.151355
108.705095	822.470020	0.000000	364.502597	0.189984	0.152642
107.931834	822.470215	0.000000	364.502510	0.189984	0.151355
110.428431	822.470187	0.000000	364.502523	0.191271	0.152642
114.494613	822.470467	0.000000	364.502399	0.191271	0.152642
116.377781	822.470573	0.000000	364.502351	0.189984	0.152642
114.456212	822.470639	0.000000	364.502322	0.191271	0.152642
114.317956	822.470627	0.000000	364.502328	0.191271	0.152642
117.036942	822.470693	0.000000	364.502299	0.191271	0.152642
113.690699	822.470753	0.000000	364.502272	0.191271	0.152642
114.369181	822.470790	0.000000	364.502255	0.191271	0.152642
112.310593	822.470873	0.000000	364.502219	0.191271	0.152642
116.868426	822.471255	0.000000	364.502050	0.191271	0.152642
109.619449	822.471337	0.000000	364.502013	0.191271	0.152642
113.060739	822.471324	0.000000	364.502019	0.191271	0.151355
111.998083	822.471336	0.000000	364.502013	0.191271	0.152642
114.985345	822.471387	0.000000	364.501991	0.191271	0.152642
116.488495	822.471513	0.000000	364.501935	0.191271	0.152642
112.416185	822.471505	0.000000	364.501939	0.191271	0.152642
114.287247	822.471411	0.000000	364.501980	0.189984	0.152642
112.863195	822.471098	0.000000	364.502119	0.189984	0.152642
112.884397	822.470949	0.000000	364.502185	0.189984	0.152642
117.894833	822.470978	0.000000	364.502172	0.189984	0.152642
117.229917	822.470951	0.000000	364.502184	0.191271	0.152642
111.588014	822.470782	0.000000	364.502259	-0.025052	0.137191
113.589323	822.470765	0.000000	364.502266	-0.021189	0.105000
114.909250	822.470733	0.000000	364.502281	0.208011	0.098562
116.262209	822.470647	0.000000	364.502319	0.201573	0.116588
116.302285	822.470661	0.000000	364.502313	0.198997	0.129465
117.634869	822.470683	0.000000	364.502303	0.196422	0.137191
104.564476	822.470591	0.000000	364.502344	0.195134	0.142341
93.821702	-3.000000	0.000000	-99930.819333	0.193847	0.146204
92.474275	-3.000000	0.000000	-99930.819333	0.193847	0.148779
95.769941	822.470108	0.000000	364.502558	0.192559	0.150067
97.698197	822.470049	0.000000	364.502584	0.192559	0.151355
99.041492	822.469922	0.000000	364.502640	0.192559	0.151355
104.102612	822.469974	0.000000	364.502617	0.191271	0.151355
99.988965	822.469770	0.000000	364.502707	0.191271	0.151355
108.974634	822.469860	0.000000	364.502668	0.191271	0.151355
105.529938	822.469512	0.000000	364.502822	0.189984	0.152642
108.064872	822.469502	0.000000	364.502826	0.191271	0.152642
105.886491	822.469430	0.000000	364.502858	0.189984	0.151355
109.350885	822.469262	0.000000	364.502933	0.189984	0.151355
115.576191	822.469321	0.000000	364.502907	0.189984	0.152642
112.380479	822.469300	0.000000	364.502916	0.189984	0.151355
99.267600	822.469214	0.000000	364.502954	0.189984	0.151355
89.108900	-3.000000	0.000000	-99930.819333	0.189984	0.151355
86.078114	-3.000000	0.000000	-99930.819333	0.189984	0.151355
96.011401	822.469011	0.000000	364.503044	0.189984	0.151355
99.779733	822.468715	0.000000	364.503175	0.188696	0.151355
107.552429	822.468775	0.000000	364.503149	0.188696	0.151355
118.456074	822.468702	0.000000	364.503181	0.188696	0.151355
102.590921	822.468484	0.000000	364.503277	0.188696	0.151355
97.138231	-3.000000	0.000000	-99930.819333	0.188696	0.151355
102.436036	822.468446	0.000000	364.503294	0.188696	0.150067
89.558172	822.468394	0.000000	364.503318	0.188696	0.151355
88.099400	-3.000000	0.000000	-99930.819333	0.188696	0.150067
83.851067	-3.000000	0.000000	-99930.819333	-0.017326	0.135903
87.224912	822.468079	0.000000	364.503457	-0.022476	0.105000
91.751583	822.467949	0.000000	364.503514	-0.018613	0.081822
105.472180	822.467895	0.000000	364.503539	-0.017326	0.067658
104.059328	822.467802	0.000000	364.503580	-0.016038	0.057357
107.221632	822.467750	0.000000	364.503603	0.217024	0.066371
111.603237	822.467617	0.000000	364.503662	0.208011	0.094699
111.222663	822.467606	0.000000	364.503667	0.202860	0.115301
106.263171	822.467577	0.000000	364.503680	0.198997	0.126890
107.594759	822.467394	0.000000	364.503760	0.196422	0.135903
105.964872	822.467286	0.000000	364.503809	0.195134	0.142341
110.002514	822.467393	0.000000	364.503761	0.193847	0.146204
109.688585	822.467640	0.000000	364.503651	0.193847	0.147492
110.728470	822.467636	0.000000	364.503653	0.192559	0.150067
109.917420	822.467640	0.000000	364.503651	0.192559	0.150067
109.938214	822.467660	0.000000	364.503642	0.192559	0.151355
112.198955	822.467699	0.000000	364.503625	0.191271	0.151355
115.693197	822.467747	0.000000	364.503604	0.191271	0.151355
117.079689	822.467943	0.000000	364.503517	0.191271	0.151355
114.822684	822.467935	0.000000	364.503521	0.191271	0.151355
114.774611	822.468149	0.000000	364.503426	0.189984	0.151355
112.165302	822.468199	0.000000	364.503404	0.189984	0.151355
113.184582	822.468309	0.000000	364.503355	0.189984	0.151355
114.372738	822.468316	0.000000	364.503352	0.189984	0.151355
110.057177	822.468486	0.000000	364.503276	0.189984	0.150067
114.313704	822.468513	0.000000	364.503265	0.189984	0.151355
111.307669	822.468518	0.000000	364.503262	0.189984	0.151355
114.666249	822.468689	0.000000	364.503186	0.189984	0.151355
114.777969	822.468799	0.000000	364.503138	0.189984	0.151355
112.589348	822.468807	0.000000	364.503134	0.189984	0.151355
115.236812	822.468876	0.000000	364.503104	0.189984	0.151355
117.457266	822.469069	0.000000	364.503018	0.189984	0.151355
114.490774	822.468918	0.000000	364.503085	0.189984	0.150067
114.421757	822.469114	0.000000	364.502998	0.189984	0.151355
111.607934	822.469357	0.000000	364.502891	0.189984	0.151355
112.552425	822.469352	0.000000	364.502893	0.189984	0.151355
112.258655	822.469419	0.000000	364.502863	0.189984	0.151355
112.722288	822.469414	0.000000	364.502865	0.189984	0.150067
111.275711	822.469483	0.000000	364.502835	0.189984	0.150067
115.776439	822.469644	0.000000	364.502763	0.189984	0.151355
113.763531	822.469729	0.000000	364.502726	0.189984	0.151355
115.303502	822.469947	0.000000	364.502629	0.189984	0.150067
113.307878	822.469832	0.000000	364.502680	0.189984	0.151355
116.777423	822.470016	0.000000	364.502599	0.189984	0.151355
114.395490	822.470042	0.000000	364.502587	0.189984	0.151355
115.799799	822.470241	0.000000	364.502499	0.189984	0.151355
114.765806	822.470263	0.000000	364.502489	0.189984	0.151355
114.173749	822.470165	0.000000	364.502532	0.189984	0.151355
116.694542	822.470556	0.000000	364.502359	0.189984	0.151355
116.245848	822.470634	0.000000	364.502324	0.189984	0.151355
117.957755	822.470749	0.000000	364.502274	0.189984	0.151355
119.109889	822.470749	0.000000	364.502273	0.189984	0.151355
118.076936	822.470789	0.000000	364.502256	0.189984	0.151355
120.669672	822.470863	0.000000	364.502223	0.189984	0.151355
118.105115	822.470875	0.000000	364.502218	0.189984	0.151355
118.919017	822.470962	0.000000	364.502179	0.189984	0.151355
118.175749	822.471007	0.000000	364.502159	0.189984	0.151355
118.912044	822.471398	0.000000	364.501986	0.189984	0.151355
117.142058	822.471393	0.000000	364.501988	0.189984	0.150067
118.265042	822.471455	0.000000	364.501961	0.189984	0.151355
114.818612	822.471507	0.000000	364.501938	0.189984	0.151355
115.352033	822.471407	0.000000	364.501982	0.189984	0.151355
115.259052	822.471121	0.000000	364.502109	0.189984	0.151355
115.851757	822.471106	0.000000	364.502115	0.189984	0.151355
115.062695	822.471127	0.000000	364.502106	0.189984	0.151355
115.961790	822.470921	0.000000	364.502197	0.188696	0.151355
116.748982	822.470889	0.000000	364.502212	0.188696	0.151355
116.892137	822.470879	0.000000	364.502216	0.189984	0.151355
121.305783	822.470897	0.000000	364.502208	0.189984	0.151355
121.896661	822.470913	0.000000	364.502201	0.189984	0.151355
108.775142	-3.000000	0.000000	-99930.819333	0.188696	0.150067
116.769337	822.470651	0.000000	364.502317	0.188696	0.150067
117.919040	822.470327	0.000000	364.502461	0.188696	0.150067
112.535118	822.470260	0.000000	364.502490	0.188696	0.150067
113.257691	822.470305	0.000000	364.502470	0.188696	0.151355
116.403367	822.470162	0.000000	364.502534	0.188696	0.151355
112.339749	822.470139	0.000000	364.502544	0.188696	0.151355
116.098395	822.470004	0.000000	364.502604	0.188696	0.150067
114.309879	822.470034	0.000000	364.502590	0.188696	0.151355
118.707142	822.470033	0.000000	364.502591	0.188696	0.150067
115.420736	822.469810	0.000000	364.502690	0.188696	0.151355
115.263976	822.469673	0.000000	364.502751	0.188696	0.150067
113.863721	822.469655	0.000000	364.502759	0.187409	0.150067
117.364714	822.469496	0.000000	364.502829	0.188696	0.150067
113.478726	822.469422	0.000000	364.502862	0.187409	0.150067
113.674961	822.469369	0.000000	364.502885	0.188696	0.151355
117.894631	822.469433	0.000000	364.502857	0.187409	0.150067
115.302757	822.468964	0.000000	364.503065	0.187409	0.150067
116.057375	822.469051	0.000000	364.503026	0.187409	0.150067
110.729572	822.469118	0.000000	364.502997	0.187409	0.150067
110.690130	822.468897	0.000000	364.503094	0.187409	0.150067
113.813896	822.468896	0.000000	364.503095	0.187409	0.150067
113.105112	822.468886	0.000000	364.503099	0.187409	0.150067
110.198051	822.468754	0.000000	364.503158	0.187409	0.150067
115.831074	822.468698	0.000000	364.503183	0.187409	0.150067
116.315594	822.468505	0.000000	364.503268	0.187409	0.150067
111.240138	822.468563	0.000000	364.503242	0.186121	0.150067
112.363571	822.468443	0.000000	364.503296	0.186121	0.150067
114.362859	822.468411	0.000000	364.503310	0.187409	0.150067
111.084289	822.468163	0.000000	364.503420	0.186121	0.148779
113.432837	822.468135	0.000000	364.503432	0.187409	0.150067
113.911280	822.468092	0.000000	364.503451	0.187409	0.150067
112.009988	822.467941	0.000000	364.503518	0.187409	0.150067
109.969777	822.467814	0.000000	364.503574	0.186121	0.150067
110.577630	822.467811	0.000000	364.503576	0.186121	0.150067
111.928887	822.467813	0.000000	364.503575	0.186121	0.150067
109.495621	822.467694	0.000000	364.503627	0.186121	0.150067
114.118904	822.467579	0.000000	364.503678	0.186121	0.148779
113.951896	822.467562	0.000000	364.503686	0.186121	0.148779
115.311921	822.467525	0.000000	364.503703	0.186121	0.150067
113.180352	822.467495	0.000000	364.503716	0.186121	0.150067
110.199936	822.467481	0.000000	364.503722	0.186121	0.150067
109.080196	822.467539	0.000000	364.503696	0.187409	0.150067
113.749214	822.467573	0.000000	364.503681	0.186121	0.150067
112.900849	822.467645	0.000000	364.503649	0.186121	0.150067
111.745054	822.467783	0.000000	364.503588	0.186121	0.150067
109.677183	822.467762	0.000000	364.503598	0.187409	0.150067
114.532754	822.467792	0.000000	364.503584	0.186121	0.150067
111.640496	822.467826	0.000000	364.503569	0.186121	0.150067
110.738020	822.468062	0.000000	364.503465	0.186121	0.150067
112.143759	822.468110	0.000000	364.503443	0.186121	0.150067
112.046998	822.468352	0.000000	364.503336	0.187409	0.150067
110.832998	822.468391	0.000000	364.503319	0.186121	0.150067
110.768245	822.468412	0.000000	364.503309	0.187409	0.148779
113.152779	822.468471	0.000000	364.503283	0.186121	0.150067
111.299558	822.468544	0.000000	364.503251	0.187409	0.150067
113.577442	822.468569	0.000000	364.503240	0.187409	0.150067
115.577948	822.468656	0.000000	364.503201	0.187409	0.150067
113.585817	822.468899	0.000000	364.503093	0.187409	0.150067
113.388935	822.468947	0.000000	364.503072	0.187409	0.150067
115.983225	822.469005	0.000000	364.503046	0.187409	0.150067
117.788371	822.468992	0.000000	364.503052	0.187409	0.150067
114.506571	822.469164	0.000000	364.502976	0.187409	0.150067
118.413430	822.469166	0.000000	364.502975	0.186121	0.150067
113.855101	822.469270	0.000000	364.502929	0.187409	0.150067
114.335552	822.469343	0.000000	364.502897	0.187409	0.150067
116.736726	822.469480	90.000000	364.502836	0.187409	0.150067
111.834038	822.469454	60.000000	364.502848	0.187409	0.150067
115.907236	822.469563	40.000000	364.502799	0.187409	0.150067
114.362928	822.469732	40.000000	364.502724	0.187409	0.150067
118.681633	822.469801	30.000000	364.502694	0.187409	0.150067
120.907551	822.470002	0.000000	364.502605	0.187409	0.150067
116.850542	822.470035	10.000000	364.502590	0.187409	0.150067
115.922532	822.470056	10.000000	364.502581	0.187409	0.150067
117.631195	822.470086	0.000000	364.502567	0.187409	0.150067
113.728261	822.470178	0.000000	364.502527	0.188696	0.150067
114.229559	822.470313	0.000000	364.502467	0.187409	0.150067
116.751203	822.470309	10.000000	364.502469	0.187409	0.150067
116.718950	822.470339	10.000000	364.502455	0.187409	0.151355
119.732341	822.470742	0.000000	364.502277	0.188696	0.151355
115.688294	822.470810	0.000000	364.502247	0.187409	0.151355
115.814621	822.470854	0.000000	364.502227	0.188696	0.150067
120.628899	822.470851	0.000000	364.502228	0.188696	0.151355
117.986508	822.470894	0.000000	364.502209	0.188696	0.151355
119.001477	822.470923	0.000000	364.502197	0.188696	0.151355
115.929002	822.470936	0.000000	364.502191	0.188696	0.151355
117.852766	822.470979	0.000000	364.502172	0.188696	0.151355
114.372100	822.471021	0.000000	364.502153	0.188696	0.151355
118.439921	822.471446	0.000000	364.501965	0.188696	0.151355
117.837131	822.471537	20.000000	364.501924	0.188696	0.151355
113.793693	822.471502	0.000000	364.501940	0.188696	0.151355
120.287027	822.471465	10.000000	364.501956	0.188696	0.151355
116.383702	822.471501	0.000000	364.501940	0.188696	0.151355
118.356753	822.471221	10.000000	364.502064	0.188696	0.151355
120.610645	822.471104	0.000000	364.502116	0.188696	0.151355
121.428319	822.470943	10.000000	364.502188	0.188696	0.151355
113.936214	822.470905	0.000000	364.502204	0.187409	0.151355
121.860544	822.470927	10.000000	364.502195	0.187409	0.150067
122.136720	822.470898	0.000000	364.502208	0.188696	0.151355
113.292257	822.470906	0.000000	364.502204	0.188696	0.150067
117.230340	822.470841	0.000000	364.502233	0.187409	0.151355
117.316360	822.470513	10.000000	364.502378	0.188696	0.151355
117.112855	822.470302	0.000000	364.502472	0.187409	0.151355
118.665579	822.470393	0.000000	364.502431	0.187409	0.151355
115.836225	822.470332	10.000000	364.502458	0.187409	0.151355
119.705150	822.470294	0.000000	364.502475	0.187409	0.150067
117.855120	822.470214	20.000000	364.502511	0.187409	0.150067
115.832461	822.470083	0.000000	364.502569	0.187409	0.151355
116.882250	822.470013	0.000000	364.502600	0.187409	0.150067
114.342214	822.470045	10.000000	364.502586	0.187409	0.150067
114.661456	822.469902	0.000000	364.502649	0.187409	0.150067
116.517876	822.469776	20.000000	364.502705	0.187409	0.151355
116.164646	822.469673	50.000000	364.502751	0.186121	0.150067
112.630640	822.469509	110.000000	364.502823	0.186121	0.150067
111.396565	822.469494	120.000000	364.502830	0.187409	0.151355
115.983671	822.469502	220.000000	364.502826	0.186121	0.150067
114.068664	822.469315	160.000000	364.502909	0.187409	0.150067
112.774018	822.469270	240.000000	364.502929	0.186121	0.150067
115.374221	822.469070	420.000000	364.503018	0.186121	0.151355
111.437828	822.469000	260.000000	364.503049	0.186121	0.150067
114.800585	822.469183	420.000000	364.502968	0.186121	0.150067
113.976739	822.468960	610.000000	364.503067	0.186121	0.150067
117.434605	822.468967	860.000000	364.503064	0.186121	0.150067
112.893487	822.468767	790.000000	364.503152	0.186121	0.151355
113.064203	822.468705	790.000000	364.503180	0.186121	0.150067
114.202907	822.468662	630.000000	364.503199	0.186121	0.150067
113.848983	822.468669	770.000000	364.503195	0.186121	0.150067
113.915749	822.468598	610.000000	364.503227	0.186121	0.150067
116.016716	822.468423	600.000000	364.503304	0.186121	0.150067
110.549141	822.468352	530.000000	364.503336	0.186121	0.150067
113.770711	822.468183	530.000000	364.503411	0.186121	0.150067
115.817155	822.468129	270.000000	364.503435	0.186121	0.150067
114.240819	822.467961	180.000000	364.503509	0.184833	0.150067
109.722858	822.467939	110.000000	364.503519	0.186121	0.150067
114.299604	822.467896	60.000000	364.503538	0.184833	0.150067
114.531224	822.467882	30.000000	364.503544	0.184833	0.150067
114.342183	822.467851	30.000000	364.503558	0.186121	0.148779
112.692922	822.467648	40.000000	364.503648	0.184833	0.150067
110.342656	822.467515	20.000000	364.503707	0.184833	0.150067
111.319363	822.467441	30.000000	364.503740	0.186121	0.150067
107.278109	822.467377	10.000000	364.503768	0.184833	0.150067
111.887506	822.467342	30.000000	364.503784	0.184833	0.150067
114.230528	822.467449	0.000000	364.503736	0.184833	0.150067
112.621967	822.467584	40.000000	364.503676	0.186121	0.148779
111.099344	822.467607	0.000000	364.503666	0.184833	0.148779
109.318280	822.467908	10.000000	364.503533	0.184833	0.150067
115.058049	822.467842	50.000000	364.503562	0.184833	0.150067
109.525707	822.467909	30.000000	364.503532	0.184833	0.148779
113.919255	822.467997	50.000000	364.503493	0.186121	0.150067
112.198325	822.468097	110.000000	364.503449	0.186121	0.148779
111.436294	822.468121	200.000000	364.503438	0.184833	0.150067
110.866341	822.468170	190.000000	364.503417	0.184833	0.150067
115.849534	822.468286	250.000000	364.503365	0.184833	0.148779
112.992990	822.468445	370.000000	364.503295	0.184833	0.150067
111.775967	822.468523	450.000000	364.503260	0.184833	0.150067
111.679530	822.468602	440.000000	364.503225	0.184833	0.148779
115.034600	822.468673	880.000000	364.503194	0.186121	0.150067
109.880000	822.468643	630.000000	364.503207	0.184833	0.150067
113.417459	822.468849	570.000000	364.503116	0.184833	0.150067
110.940082	822.468958	710.000000	364.503067	0.184833	0.148779
113.864566	822.468991	700.000000	364.503053	0.186121	0.150067
111.699243	822.469065	660.000000	364.503020	0.186121	0.150067
114.386283	822.469218	700.000000	364.502952	0.186121	0.150067
113.378328	822.469227	440.000000	364.502948	0.186121	0.150067
114.664906	822.469298	410.000000	364.502917	0.186121	0.150067
116.428070	822.469520	340.000000	364.502818	0.186121	0.150067
112.947030	822.469548	250.000000	364.502806	0.186121	0.150067
112.582410	822.469518	130.000000	364.502819	0.186121	0.150067
112.401475	822.469540	150.000000	364.502810	0.186121	0.148779
116.655920	822.469752	130.000000	364.502715	0.186121	0.148779
112.876225	822.469769	80.000000	364.502708	0.186121	0.150067
113.547693	822.469735	30.000000	364.502723	0.186121	0.150067
113.063328	822.470128	40.000000	364.502549	0.186121	0.150067
114.232476	822.470043	20.000000	364.502587	0.186121	0.148779
116.198926	822.470239	10.000000	364.502500	0.186121	0.150067
116.841271	822.470319	0.000000	364.502464	0.186121	0.150067
117.402970	822.470326	20.000000	364.502461	0.186121	0.150067
113.680083	822.470362	0.000000	364.502445	0.186121	0.150067
116.454682	822.470136	10.000000	364.502545	0.186121	0.150067
113.992077	-3.000000	0.000000	-99930.819333	0.186121	0.150067
116.691015	822.470795	10.000000	364.502253	0.186121	0.150067
120.808976	822.470884	0.000000	364.502214	0.186121	0.150067
120.035383	822.470934	80.000000	364.502192	0.186121	0.151355
123.655097	822.470905	20.000000	364.502204	0.187409	0.150067
119.853049	822.470963	10.000000	364.502179	0.187409	0.150067
116.238974	822.471012	0.000000	364.502157	0.186121	0.150067
118.580410	822.471108	0.000000	364.502114	0.187409	0.150067
117.716116	822.471168	30.000000	364.502088	0.187409	0.150067
114.895561	822.471348	0.000000	364.502008	0.187409	0.150067
117.342390	822.471543	20.000000	364.501922	0.187409	0.150067
116.926969	822.471599	0.000000	364.501897	0.187409	0.150067
117.840547	822.471544	0.000000	364.501921	0.187409	0.150067
117.122196	822.471115	10.000000	364.502111	0.186121	0.150067
115.687431	822.471236	0.000000	364.502058	0.186121	0.150067
118.010150	822.471112	10.000000	364.502113	0.186121	0.150067
118.988722	822.471028	0.000000	364.502150	0.187409	0.150067
113.048555	822.470943	0.000000	364.502188	0.186121	0.150067
119.024964	822.470940	10.000000	364.502189	0.187409	0.150067
111.635330	822.470912	0.000000	364.502201	0.187409	0.150067
117.462041	822.470867	0.000000	364.502221	0.187409	0.150067
118.417733	-3.000000	0.000000	-99930.819333	0.186121	0.150067
117.180788	822.470866	30.000000	364.502222	0.186121	0.150067
113.339772	-3.000000	10.000000	-99930.819333	0.186121	0.150067
115.691999	822.470322	30.000000	364.502463	0.186121	0.150067
113.196302	822.470333	10.000000	364.502458	0.186121	0.150067
117.631929	822.470242	0.000000	364.502498	0.186121	0.150067
116.806396	822.470255	20.000000	364.502493	0.186121	0.150067
115.057869	822.470192	0.000000	364.502520	0.186121	0.150067
115.967910	822.470088	10.000000	364.502567	0.186121	0.150067
115.381698	822.469965	0.000000	364.502621	0.186121	0.148779
115.355947	822.469767	20.000000	364.502709	0.186121	0.150067
115.440148	822.469765	30.000000	364.502710	0.186121	0.150067
117.474435	822.469681	70.000000	364.502747	0.186121	0.150067
112.046495	822.469519	100.000000	364.502819	0.184833	0.150067
115.029596	822.469554	140.000000	364.502803	0.184833	0.148779
117.067542	822.469508	200.000000	364.502823	0.184833	0.148779
115.335858	822.469417	190.000000	364.502864	0.184833	0.148779
113.770109	822.469228	200.000000	364.502948	0.186121	0.150067
110.235696	822.469236	1240.000000	364.502944	0.184833	0.148779
111.581079	822.469214	320.000000	364.502954	0.186121	0.148779
113.625174	822.469006	670.000000	364.503046	0.184833	0.148779
114.584098	822.468920	720.000000	364.503084	0.184833	0.148779
112.729878	822.468977	790.000000	364.503059	0.184833	0.148779
111.568752	822.468734	790.000000	364.503167	0.184833	0.148779
114.416517	822.468734	900.000000	364.503166	0.184833	0.148779
113.545316	822.468641	830.000000	364.503208	0.184833	0.148779
113.150710	822.468568	810.000000	364.503240	0.184833	0.148779
114.312612	822.468454	730.000000	364.503291	0.184833	0.148779
111.567376	822.468452	470.000000	364.503291	0.183546	0.148779
111.748141	822.468421	540.000000	364.503305	0.184833	0.148779
110.418322	822.468212	430.000000	364.503398	0.184833	0.148779
109.452365	822.468122	190.000000	364.503438	0.183546	0.148779
110.958579	822.468035	180.000000	364.503477	0.184833	0.148779
111.192461	822.467858	90.000000	364.503555	0.184833	0.148779
110.823410	822.467889	60.000000	364.503541	0.183546	0.148779
115.151143	822.467824	70.000000	364.503570	0.183546	0.148779
112.034610	822.467728	50.000000	364.503612	0.184833	0.147492
112.785346	822.467607	20.000000	364.503666	0.183546	0.148779
110.767139	822.467570	10.000000	364.503683	0.183546	0.148779
110.782795	822.467548	0.000000	364.503692	0.183546	0.148779
109.818931	822.467293	20.000000	364.503805	0.183546	0.148779
113.871820	822.467362	20.000000	364.503775	0.183546	0.148779
110.707064	822.467589	0.000000	364.503674	0.183546	0.148779
113.672296	822.467632	0.000000	364.503655	0.183546	0.146204
112.250617	822.467713	30.000000	364.503619	0.184833	0.148779
113.955641	822.467779	40.000000	364.503590	0.183546	0.148779
111.040833	822.467810	10.000000	364.503576	0.183546	0.148779
112.076015	822.467854	60.000000	364.503557	0.183546	0.147492
111.115920	822.467874	50.000000	364.503548	0.183546	0.148779
112.105692	822.468066	30.000000	364.503463	0.183546	0.148779
111.764242	822.468116	140.000000	364.503441	0.184833	0.148779
113.402499	822.468348	210.000000	364.503338	0.184833	0.148779
115.517554	822.468372	420.000000	364.503327	0.184833	0.148779
110.765322	822.468429	310.000000	364.503302	0.183546	0.148779
114.186095	822.468439	370.000000	364.503297	0.184833	0.148779
111.436163	822.468453	530.000000	364.503291	0.184833	0.148779
112.087229	822.468705	590.000000	364.503180	0.184833	0.148779
115.023604	822.468746	770.000000	364.503161	0.184833	0.148779
112.301121	822.468779	840.000000	364.503147	0.184833	0.148779
112.415073	822.468934	830.000000	364.503078	0.184833	0.148779
112.100349	822.468955	670.000000	364.503069	0.184833	0.148779
113.574960	822.469054	840.000000	364.503025	0.184833	0.148779
115.047878	822.469021	610.000000	364.503040	0.184833	0.148779
111.745109	822.469095	560.000000	364.503006	0.184833	0.148779
114.091351	822.469299	300.000000	364.502916	0.184833	0.148779
112.376600	822.469421	250.000000	364.502862	0.184833	0.148779
111.103249	822.469474	200.000000	364.502839	0.184833	0.148779
113.795987	822.469508	150.000000	364.502824	0.184833	0.148779
116.345226	822.469522	130.000000	364.502817	0.184833	0.148779
113.989692	822.469778	150.000000	364.502704	0.184833	0.148779
115.252433	822.469835	150.000000	364.502679	0.184833	0.148779
120.028309	822.469851	80.000000	364.502671	0.184833	0.148779
117.031182	822.470106	50.000000	364.502559	0.184833	0.148779
111.199558	822.470146	0.000000	364.502541	0.186121	0.150067
117.228802	822.470171	0.000000	364.502530	0.186121	0.150067
115.196661	822.470219	20.000000	364.502508	0.184833	0.148779
113.922081	822.470261	0.000000	364.502490	0.186121	0.148779
114.328242	822.470292	0.000000	364.502476	0.186121	0.148779
116.328659	822.470334	0.000000	364.502458	0.186121	0.150067
116.140163	822.470578	10.000000	364.502350	0.186121	0.150067
114.861558	822.470797	0.000000	364.502252	0.186121	0.150067
119.353578	822.470852	10.000000	364.502228	0.186121	0.148779
117.208601	822.470924	10.000000	364.502196	0.186121	0.150067
122.575994	822.470961	0.000000	364.502180	0.186121	0.148779
116.043919	822.470903	20.000000	364.502205	0.186121	0.150067
113.282254	822.470941	10.000000	364.502188	0.186121	0.150067
117.455977	822.471092	10.000000	364.502122	0.186121	0.148779
118.844984	822.471427	40.000000	364.501973	0.186121	0.148779
117.216421	822.471523	0.000000	364.501931	0.186121	0.148779
116.193854	822.471534	0.000000	364.501926	0.186121	0.150067
112.668281	822.471541	10.000000	364.501922	0.186121	0.150067
114.560216	822.471535	20.000000	364.501925	0.186121	0.150067
117.554365	822.471402	10.000000	364.501984	0.186121	0.150067
115.843293	822.471234	0.000000	364.502059	0.186121	0.150067
117.292431	822.471317	20.000000	364.502022	0.186121	0.150067
115.021841	822.470968	20.000000	364.502176	0.186121	0.148779
113.307140	822.470858	20.000000	364.502225	0.186121	0.148779
114.260489	822.470904	20.000000	364.502205	0.186121	0.150067
120.231121	822.470871	0.000000	364.502219	0.186121	0.150067
113.795564	822.470852	0.000000	364.502228	0.186121	0.150067
118.753340	822.470829	10.000000	364.502238	0.186121	0.150067
118.474790	822.470795	0.000000	364.502253	0.184833	0.148779
116.679027	822.470433	0.000000	364.502414	0.184833	0.148779
114.042191	822.470363	0.000000	364.502445	0.184833	0.148779
115.434681	822.470258	0.000000	364.502491	0.184833	0.148779
115.327251	822.470224	10.000000	364.502507	0.184833	0.148779
118.362826	822.470111	20.000000	364.502556	0.184833	0.148779
111.713549	822.470064	0.000000	364.502577	0.184833	0.148779
116.636809	822.470113	640.000000	364.502556	0.184833	0.148779
114.502754	822.470084	1320.000000	364.502568	0.184833	0.150067
113.468239	822.469814	10.000000	364.502688	0.184833	0.148779
115.467153	822.469756	40.000000	364.502714	0.184833	0.148779
111.969985	822.469778	50.000000	364.502704	0.184833	0.148779
112.956074	822.469506	10.000000	364.502825	0.184833	0.150067
113.441048	822.469527	190.000000	364.502815	0.184833	0.150067
114.303778	822.469505	240.000000	364.502825	0.184833	0.148779
114.648667	822.469441	180.000000	364.502853	0.183546	0.148779
112.613497	822.469123	230.000000	364.502994	0.183546	0.148779
113.413001	822.469167	180.000000	364.502975	0.183546	0.148779
113.564862	822.469243	490.000000	364.502941	0.184833	0.148779
112.702642	822.468987	470.000000	364.503054	0.184833	0.148779
110.094614	822.469003	730.000000	364.503047	0.183546	0.148779
115.523403	822.468789	800.000000	364.503142	0.183546	0.148779
110.736385	822.468803	740.000000	364.503136	0.183546	0.148779
112.914902	822.468741	790.000000	364.503163	0.183546	0.147492
116.690931	822.468734	870.000000	364.503167	0.183546	0.148779
111.730472	822.468526	990.000000	364.503259	0.183546	0.147492
113.649518	822.468519	630.000000	364.503262	0.183546	0.148779
111.102692	822.468481	620.000000	364.503279	0.183546	0.148779
112.138477	822.468288	670.000000	364.503364	0.184833	0.148779
112.903976	822.468229	500.000000	364.503391	0.183546	0.147492
115.198571	822.468184	310.000000	364.503411	0.183546	0.148779
111.644355	822.467971	250.000000	364.503505	0.183546	0.148779
109.630853	822.467961	90.000000	364.503509	0.183546	0.148779
113.439711	822.467934	60.000000	364.503521	0.183546	0.147492
108.681211	822.467888	60.000000	364.503542	0.183546	0.148779
112.226822	822.467744	50.000000	364.503605	0.183546	0.148779
110.426499	822.467635	20.000000	364.503654	0.182258	0.148779
113.040519	822.467527	0.000000	364.503702	0.183546	0.147492
112.415794	822.467442	10.000000	364.503739	0.183546	0.148779
111.598983	822.467397	20.000000	364.503759	0.183546	0.147492
109.373133	822.467420	0.000000	364.503749	0.182258	0.148779
113.626811	822.467530	10.000000	364.503700	0.183546	0.148779
115.376866	822.467652	30.000000	364.503646	0.183546	0.148779
112.288539	822.467639	40.000000	364.503652	0.183546	0.147492
105.785775	822.467879	10.000000	364.503546	0.183546	0.148779
109.880481	822.467868	40.000000	364.503550	0.182258	0.147492
111.237434	822.467875	50.000000	364.503547	0.182258	0.148779
111.573099	822.467880	20.000000	364.503545	0.183546	0.147492
109.894755	822.468088	80.000000	364.503453	0.183546	0.147492
110.115411	822.468147	140.000000	364.503427	0.183546	0.147492
111.568830	822.468285	120.000000	364.503366	0.183546	0.148779
116.168468	822.468436	300.000000	364.503299	0.183546	0.148779
117.105783	822.468457	540.000000	364.503289	0.183546	0.148779
114.987858	822.468449	400.000000	364.503293	0.183546	0.148779
112.953251	822.468653	590.000000	364.503202	0.183546	0.148779
115.791887	822.468686	470.000000	364.503188	0.183546	0.148779
117.226870	822.468677	710.000000	364.503192	0.183546	0.148779
113.649813	822.468909	600.000000	364.503089	0.183546	0.148779
115.815434	822.468898	710.000000	364.503094	0.183546	0.148779
113.288351	822.468958	930.000000	364.503067	0.183546	0.148779
113.553073	822.469027	630.000000	364.503037	0.183546	0.148779
112.858853	822.469232	630.000000	364.502946	0.183546	0.148779
113.640499	822.468979	360.000000	364.503058	0.183546	0.148779
116.501093	822.469262	320.000000	364.502933	0.183546	0.148779
112.941945	822.469466	290.000000	364.502842	0.183546	0.148779
117.828991	822.469514	310.000000	364.502821	0.183546	0.148779
118.490623	822.469487	150.000000	364.502833	0.184833	0.148779
116.492024	822.469553	160.000000	364.502804	0.184833	0.148779
117.866167	822.469724	140.000000	364.502728	0.183546	0.148779
114.013447	822.469748	50.000000	364.502717	0.184833	0.148779
115.301948	822.470015	30.000000	364.502599	0.184833	0.148779
112.456064	822.469897	20.000000	364.502651	0.183546	0.148779
116.235073	822.470068	30.000000	364.502576	0.184833	0.148779
116.197207	822.470130	20.000000	364.502548	0.184833	0.148779
114.259908	822.470128	10.000000	364.502549	0.184833	0.148779
113.625828	822.470292	0.000000	364.502476	0.184833	0.148779
118.343134	822.470313	30.000000	364.502467	0.183546	0.148779
115.724340	822.470272	0.000000	364.502485	0.184833	0.148779
116.298251	822.470663	0.000000	364.502312	0.184833	0.148779
116.737451	822.470702	0.000000	364.502294	0.184833	0.148779
116.794293	822.470740	10.000000	364.502278	0.184833	0.150067
111.842029	822.470811	0.000000	364.502246	0.186121	0.148779
118.511429	822.470851	20.000000	364.502228	0.183546	0.148779
114.326181	822.470877	10.000000	364.502217	0.184833	0.148779
114.318403	822.470991	0.000000	364.502166	0.186121	0.148779
115.042650	822.471105	0.000000	364.502116	0.184833	0.148779
117.002105	822.471164	10.000000	364.502090	0.186121	0.148779
118.125943	822.471305	10.000000	364.502027	0.184833	0.148779
115.050103	822.471266	0.000000	364.502044	0.186121	0.150067
114.569659	822.471331	0.000000	364.502016	0.184833	0.148779
116.083167	822.471323	30.000000	364.502019	0.184833	0.150067
116.048126	822.471214	20.000000	364.502068	0.184833	0.148779
115.997705	822.471219	10.000000	364.502065	0.184833	0.148779
111.802020	822.471115	0.000000	364.502111	0.183546	0.148779
111.464042	822.471013	0.000000	364.502157	0.184833	0.148779
113.969313	822.470951	0.000000	364.502184	0.184833	0.148779
111.148595	822.470822	0.000000	364.502241	0.184833	0.148779
116.003816	822.470889	0.000000	364.502212	0.187409	0.148779
114.714103	822.470748	0.000000	364.502274	0.183546	0.148779
113.080313	822.470745	20.000000	364.502276	0.184833	0.150067
118.929842	822.470522	0.000000	364.502374	0.189984	0.148779
121.808981	822.470481	0.000000	364.502392	0.188696	0.150067
114.740605	822.470392	0.000000	364.502432	0.182258	0.148779
112.587850	822.470361	0.000000	364.502446	0.183546	0.148779
115.071459	822.470315	10.000000	364.502466	0.183546	0.148779
113.391267	822.470127	10.000000	364.502549	0.183546	0.148779
111.440038	822.469857	0.000000	364.502669	0.183546	0.148779
111.712602	822.469936	10.000000	364.502634	0.182258	0.148779
120.689219	822.469847	20.000000	364.502673	0.189984	0.148779
126.568884	822.469784	10.000000	364.502701	0.195134	0.150067
125.623179	822.469804	70.000000	364.502693	0.187409	0.150067
118.144425	822.469620	40.000000	364.502774	0.186121	0.150067
112.025849	822.469529	110.000000	364.502814	0.183546	0.150067
117.109797	822.469406	160.000000	364.502869	0.187409	0.150067
117.159628	822.469363	240.000000	364.502888	0.184833	0.148779
117.570967	822.469269	330.000000	364.502929	0.183546	0.148779
115.914493	822.469313	380.000000	364.502910	0.183546	0.148779
114.737018	822.469043	540.000000	364.503030	0.183546	0.148779
116.533945	822.469048	600.000000	364.503028	0.184833	0.150067
113.382415	822.468964	530.000000	364.503065	0.182258	0.148779
114.007329	822.468881	820.000000	364.503101	0.186121	0.148779
118.178141	822.468749	830.000000	364.503160	0.186121	0.148779
117.433955	822.468698	650.000000	364.503183	0.187409	0.148779
115.940975	822.468626	820.000000	364.503214	0.186121	0.148779
123.384310	822.468542	800.000000	364.503252	0.191271	0.150067
122.806820	822.468411	690.000000	364.503310	0.187409	0.150067
110.605978	822.468388	530.000000	364.503320	0.178395	0.148779
97.812427	822.468335	450.000000	364.503343	0.170669	0.147492
91.264895	822.468184	430.000000	364.503410	0.173244	0.146204
93.593437	822.468169	300.000000	364.503417	0.173244	0.144916
93.880537	822.468041	370.000000	364.503474	0.173244	0.143629
94.247371	822.467917	230.000000	364.503529	0.173244	0.143629
93.883563	822.467951	150.000000	364.503514	0.173244	0.142341
95.744649	822.467802	60.000000	364.503580	0.174532	0.142341
91.681935	822.467651	20.000000	364.503647	0.173244	0.142341
92.401181	822.467651	30.000000	364.503646	0.174532	0.142341
94.606415	822.467742	10.000000	364.503606	0.174532	0.142341
95.060238	822.467388	40.000000	364.503763	0.174532	0.142341
93.626134	822.467354	10.000000	364.503778	0.175820	0.142341
91.802262	-3.000000	0.000000	-99930.819333	0.174532	0.142341
93.841552	-3.000000	10.000000	-99930.819333	0.174532	0.142341
93.754765	822.467585	0.000000	364.503676	0.174532	0.142341
95.314559	-3.000000	0.000000	-99930.819333	0.174532	0.142341
93.008534	822.467793	0.000000	364.503584	0.174532	0.142341
95.671846	822.467671	30.000000	364.503638	0.174532	0.142341
92.473722	822.467680	30.000000	364.503634	0.174532	0.142341
93.292024	822.467625	10.000000	364.503658	0.174532	0.142341
95.452683	822.467882	0.000000	364.503544	0.174532	0.142341
93.192443	822.468043	110.000000	364.503473	0.174532	0.142341
91.663012	-3.000000	80.000000	-99930.819333	0.174532	0.142341
89.906562	-3.000000	180.000000	-99930.819333	0.174532	0.142341
91.517826	822.468306	120.000000	364.503356	0.173244	0.142341
91.600573	822.468279	340.000000	364.503368	0.173244	0.142341
92.753856	-3.000000	310.000000	-99930.819333	0.173244	0.142341
94.674989	822.468579	600.000000	364.503235	0.173244	0.142341
92.191556	-3.000000	620.000000	-99930.819333	0.173244	0.141054
92.482655	-3.000000	610.000000	-99930.819333	0.174532	0.141054
94.937712	-3.000000	730.000000	-99930.819333	0.173244	0.142341
95.262984	822.468791	520.000000	364.503141	0.174532	0.141054
97.835583	822.468939	850.000000	364.503076	0.174532	0.141054
94.488073	822.468928	720.000000	364.503081	0.174532	0.142341
92.652508	-3.000000	700.000000	-99930.819333	0.174532	0.142341
93.145961	822.469192	700.000000	364.502964	0.173244	0.142341
95.414488	822.469285	720.000000	364.502922	0.174532	0.142341
94.595556	822.469395	410.000000	364.502874	0.174532	0.142341
97.147231	822.469454	190.000000	364.502848	0.173244	0.142341
96.900173	822.469368	210.000000	364.502886	0.174532	0.142341
96.734425	822.469348	250.000000	364.502894	0.174532	0.142341
95.554598	-3.000000	200.000000	-99930.819333	0.174532	0.142341
96.456799	822.469842	50.000000	364.502676	0.174532	0.142341
95.750230	822.469878	100.000000	364.502659	0.174532	0.142341
97.911591	822.469915	10.000000	364.502643	0.174532	0.142341
99.686856	-3.000000	50.000000	-99930.819333	0.173244	0.142341
95.054064	822.470156	20.000000	364.502536	0.174532	0.142341
97.097717	822.470159	10.000000	364.502535	0.174532	0.142341
96.039784	-3.000000	20.000000	-99930.819333	0.174532	0.142341
96.254845	-3.000000	0.000000	-99930.819333	0.174532	0.142341
97.683701	822.470481	0.000000	364.502393	0.174532	0.142341
100.153912	822.470392	10.000000	364.502432	0.175820	0.142341
97.241920	-3.000000	20.000000	-99930.819333	0.175820	0.142341
99.849512	822.470746	20.000000	364.502275	0.175820	0.142341
102.015043	822.470804	20.000000	364.502249	0.175820	0.143629
100.750785	822.470837	0.000000	364.502235	0.175820	0.142341
104.265070	822.470808	0.000000	364.502247	0.175820	0.142341
98.143258	822.470990	0.000000	364.502167	0.174532	0.142341
99.178594	822.471288	0.000000	364.502035	0.174532	0.142341
96.406410	822.471250	20.000000	364.502052	0.173244	0.142341
93.853443	-3.000000	0.000000	-99930.819333	0.173244	0.142341
96.815816	822.471295	0.000000	364.502032	0.174532	0.142341
99.283856	822.471355	0.000000	364.502005	0.175820	0.142341
98.845957	822.471381	10.000000	364.501993	0.174532	0.142341
96.341332	-3.000000	0.000000	-99930.819333	0.174532	0.142341
96.335070	-3.000000	10.000000	-99930.819333	0.174532	0.142341
96.874834	822.471124	10.000000	364.502107	0.174532	0.142341
97.244851	822.471006	10.000000	364.502160	0.174532	0.142341
95.996777	822.470882	0.000000	364.502214	0.173244	0.142341
97.863362	822.470830	0.000000	364.502238	0.174532	0.142341
98.374950	822.470805	0.000000	364.502249	0.173244	0.142341
92.897593	-3.000000	0.000000	-99930.819333	0.173244	0.142341
94.250875	-3.000000	10.000000	-99930.819333	0.173244	0.142341
94.171822	822.470662	0.000000	364.502312	0.173244	0.142341
94.347689	822.470424	0.000000	364.502418	0.173244	0.141054
96.286299	-3.000000	0.000000	-99930.819333	0.173244	0.142341
94.616015	-3.000000	10.000000	-99930.819333	0.174532	0.141054
94.259209	-3.000000	0.000000	-99930.819333	0.173244	0.141054
96.949968	822.470112	0.000000	364.502556	0.173244	0.142341
96.805050	822.470040	10.000000	364.502588	0.174532	0.142341
97.211614	822.470026	0.000000	364.502594	0.173244	0.142341
93.536454	-3.000000	10.000000	-99930.819333	0.173244	0.142341
93.883083	-3.000000	30.000000	-99930.819333	0.174532	0.142341
96.596748	822.469897	30.000000	364.502651	0.173244	0.142341
94.853415	822.469593	30.000000	364.502786	0.174532	0.142341
95.195615	822.469716	90.000000	364.502731	0.173244	0.142341
93.993086	822.469473	120.000000	364.502839	0.174532	0.142341
96.032625	822.469397	140.000000	364.502873	0.174532	0.142341
93.654336	822.469431	170.000000	364.502858	0.174532	0.142341
98.405408	822.469349	390.000000	364.502894	0.174532	0.142341
99.052657	822.469199	480.000000	364.502961	0.175820	0.142341
99.015564	822.469175	500.000000	364.502971	0.174532	0.142341
98.870053	-3.000000	660.000000	-99930.819333	0.175820	0.142341
99.674552	-3.000000	590.000000	-99930.819333	0.175820	0.142341
98.785490	822.468850	530.000000	364.503115	0.174532	0.142341
97.863463	822.468788	890.000000	364.503143	0.175820	0.143629
97.590894	822.468537	600.000000	364.503254	0.174532	0.142341
100.451570	822.468652	700.000000	364.503203	0.175820	0.143629
99.342311	-3.000000	740.000000	-99930.819333	0.175820	0.143629
98.090885	-3.000000	580.000000	-99930.819333	0.175820	0.143629
99.524718	822.468373	400.000000	364.503326	0.175820	0.142341
95.960338	822.468242	450.000000	364.503385	0.174532	0.143629
96.629074	822.468067	380.000000	364.503462	0.175820	0.142341
95.647927	822.468212	260.000000	364.503398	0.175820	0.143629
97.117882	822.467974	210.000000	364.503503	0.174532	0.142341
97.640635	822.467922	80.000000	364.503527	0.174532	0.142341
91.342390	822.467825	50.000000	364.503569	0.174532	0.142341
96.286384	822.467774	40.000000	364.503592	0.174532	0.142341
94.638593	822.467647	20.000000	364.503649	0.174532	0.142341
96.346123	822.467497	20.000000	364.503715	0.174532	0.142341
93.892942	822.467411	0.000000	364.503753	0.174532	0.142341
93.156835	822.467342	20.000000	364.503784	0.174532	0.142341
92.544438	822.467285	0.000000	364.503809	0.174532	0.142341
91.358443	822.467345	0.000000	364.503782	0.174532	0.142341
95.273902	822.467407	10.000000	364.503755	0.174532	0.142341
96.564332	822.467493	0.000000	364.503716	0.174532	0.142341
93.929391	822.467687	20.000000	364.503631	0.174532	0.142341
93.018598	822.467757	30.000000	364.503600	0.174532	0.142341
95.044493	822.467798	20.000000	364.503582	0.174532	0.142341
96.256810	822.467950	50.000000	364.503514	0.174532	0.142341
92.340461	822.467923	80.000000	364.503526	0.173244	0.142341
92.804031	822.467986	90.000000	364.503498	0.174532	0.142341
92.710422	822.468110	90.000000	364.503443	0.174532	0.142341
93.366822	822.468191	160.000000	364.503407	0.174532	0.142341
91.078093	822.468308	230.000000	364.503355	0.174532	0.142341
91.315473	-3.000000	290.000000	-99930.819333	0.173244	0.142341
94.292793	822.468538	380.000000	364.503254	0.174532	0.142341
92.239501	822.468586	810.000000	364.503232	0.173244	0.142341
93.741243	822.468545	660.000000	364.503251	0.174532	0.142341
99.967854	822.468648	550.000000	364.503205	0.175820	0.142341
94.415782	-3.000000	640.000000	-99930.819333	0.173244	0.142341
83.070748	-3.000000	730.000000	-99930.819333	0.171957	0.142341
92.980351	-3.000000	490.000000	-99930.819333	0.173244	0.142341
91.810264	822.469106	610.000000	364.503002	0.173244	0.141054
90.696305	-3.000000	860.000000	-99930.819333	0.173244	0.142341
97.625692	822.469219	630.000000	364.502952	0.175820	0.142341
86.222106	-3.000000	460.000000	-99930.819333	0.171957	0.142341
80.859025	-3.000000	300.000000	-99930.819333	0.171957	0.141054
61.490482	-3.000000	290.000000	-99930.819333	0.171957	0.141054
44.711836	-3.000000	200.000000	-99930.819333	0.166806	0.141054
-3.000000	-3.000000	130.000000	-99930.819333	0.165519	0.139766
-3.000000	-3.000000	110.000000	-99930.819333	0.165519	0.139766
-3.000000	-3.000000	80.000000	-99930.819333	0.166806	0.138478
-3.000000	-3.000000	50.000000	-99930.819333	0.166806	0.138478
-3.000000	-3.000000	40.000000	-99930.819333	0.166806	0.138478
-3.000000	-3.000000	10.000000	-99930.819333	0.165519	0.139766
-3.000000	-3.000000	10.000000	-99930.819333	0.164231	0.138478
95.436681	822.470244	30.000000	364.502498	0.178395	0.138478
172.053127	822.470201	0.000000	364.502517	0.183546	0.141054
172.959927	822.470321	20.000000	364.502463	0.180970	0.142341
187.561862	822.470408	0.000000	364.502425	0.180970	0.143629
184.158465	822.470494	20.000000	364.502386	0.180970	0.144916
183.420418	822.470605	10.000000	364.502337	0.180970	0.144916
167.573903	822.470664	10.000000	364.502311	0.177107	0.144916
185.786301	822.470726	30.000000	364.502284	0.180970	0.144916
178.346523	822.470827	0.000000	364.502239	0.182258	0.144916
178.400630	822.470881	20.000000	364.502215	0.183546	0.146204
181.963814	822.470950	10.000000	364.502184	0.182258	0.147492
185.277637	822.471192	0.000000	364.502077	0.182258	0.146204
186.204722	822.471291	0.000000	364.502033	0.182258	0.147492
187.015060	822.471318	10.000000	364.502021	0.182258	0.146204
186.770592	822.471341	0.000000	364.502011	0.182258	0.146204
184.863304	822.471400	10.000000	364.501985	0.182258	0.146204
186.119267	822.471335	10.000000	364.502014	0.182258	0.147492
188.172600	822.471261	0.000000	364.502047	0.182258	0.146204
188.047869	822.471184	10.000000	364.502081	0.182258	0.146204
184.278528	822.471158	20.000000	364.502093	0.182258	0.146204
187.438151	822.471016	20.000000	364.502155	0.182258	0.147492
189.555650	822.470899	0.000000	364.502207	0.182258	0.147492
188.443406	822.470895	0.000000	364.502209	0.182258	0.147492
183.104474	822.470835	0.000000	364.502235	0.182258	0.147492
182.376348	822.470634	60.000000	364.502325	0.182258	0.147492
183.890299	822.470715	0.000000	364.502289	0.180970	0.147492
182.932095	822.470551	0.000000	364.502362	0.182258	0.147492
181.641976	822.470358	10.000000	364.502447	0.183546	0.147492
180.792039	822.470338	20.000000	364.502456	0.182258	0.147492
177.948661	822.470374	0.000000	364.502440	0.182258	0.147492
175.096867	822.470326	10.000000	364.502461	0.182258	0.147492
186.898086	822.470060	0.000000	364.502579	0.182258	0.147492
176.491357	822.470102	10.000000	364.502561	0.182258	0.147492
178.321711	822.470029	20.000000	364.502593	0.182258	0.147492
176.617115	822.469906	40.000000	364.502647	0.182258	0.147492
176.903947	822.469916	20.000000	364.502643	0.182258	0.147492
179.777655	822.469811	40.000000	364.502689	0.182258	0.147492
178.729421	822.469667	10.000000	364.502753	0.182258	0.147492
177.668055	822.469498	160.000000	364.502828	0.182258	0.147492
176.784940	822.469504	90.000000	364.502825	0.182258	0.147492
177.016408	822.469387	150.000000	364.502877	0.183546	0.147492
179.738642	822.469263	240.000000	364.502932	0.183546	0.147492
181.402289	822.469113	280.000000	364.502999	0.183546	0.147492
180.225806	822.468997	460.000000	364.503050	0.183546	0.147492
180.884395	822.469072	560.000000	364.503017	0.183546	0.147492
179.886937	822.469054	590.000000	364.503025	0.183546	0.147492
179.070796	822.468963	730.000000	364.503065	0.183546	0.147492
177.510988	822.468830	750.000000	364.503124	0.182258	0.147492
175.363866	822.468817	870.000000	364.503130	0.182258	0.147492
174.618888	822.468626	730.000000	364.503215	0.182258	0.147492
176.457772	822.468612	700.000000	364.503221	0.182258	0.147492
177.834545	822.468555	780.000000	364.503246	0.183546	0.147492
172.828108	822.468503	650.000000	364.503269	0.182258	0.147492
174.689952	822.468339	620.000000	364.503342	0.183546	0.147492
177.911392	822.468284	330.000000	364.503366	0.182258	0.147492
175.914954	822.468205	350.000000	364.503401	0.183546	0.147492
177.574158	822.468070	250.000000	364.503461	0.183546	0.147492
176.949014	822.468046	90.000000	364.503472	0.183546	0.147492
179.802737	822.467918	150.000000	364.503528	0.183546	0.147492
178.835319	822.467814	50.000000	364.503575	0.182258	0.147492
177.321748	822.467695	70.000000	364.503627	0.183546	0.147492
174.833890	822.467649	20.000000	364.503647	0.180970	0.147492
161.170583	822.467611	0.000000	364.503664	0.180970	0.146204
112.287359	822.467587	30.000000	364.503675	0.178395	0.147492
59.085844	-3.000000	10.000000	-99930.819333	0.178395	0.146204
50.971442	-3.000000	10.000000	-99930.819333	0.179683	0.146204
50.279171	-3.000000	10.000000	-99930.819333	0.178395	0.144916
55.315504	-3.000000	20.000000	-99930.819333	0.178395	0.146204
56.769972	-3.000000	10.000000	-99930.819333	0.180970	0.144916
93.166350	822.467678	20.000000	364.503635	0.180970	0.146204
146.430023	822.467712	30.000000	364.503620	0.180970	0.146204
163.100720	822.467797	50.000000	364.503582	0.182258	0.146204
164.838446	822.467912	30.000000	364.503531	0.184833	0.146204
162.968353	822.467945	60.000000	364.503516	0.184833	0.146204
162.621558	822.468021	100.000000	364.503483	0.183546	0.147492
163.576253	822.468081	110.000000	364.503456	0.183546	0.147492
164.257242	822.468213	170.000000	364.503397	0.182258	0.147492
160.138719	822.468263	260.000000	364.503375	0.183546	0.147492
165.830512	822.468262	310.000000	364.503376	0.183546	0.147492
162.723277	822.468398	240.000000	364.503315	0.183546	0.148779
161.259930	822.468512	530.000000	364.503265	0.183546	0.147492
161.950482	822.468691	590.000000	364.503186	0.182258	0.147492
165.034740	822.468687	810.000000	364.503188	0.183546	0.147492
166.427305	822.468802	870.000000	364.503136	0.183546	0.147492
163.687698	822.468911	880.000000	364.503088	0.183546	0.147492
160.973778	822.468972	850.000000	364.503061	0.182258	0.147492
158.033783	822.469002	710.000000	364.503048	0.182258	0.147492
161.627933	822.469051	700.000000	364.503026	0.182258	0.147492
162.436585	822.469122	650.000000	364.502995	0.182258	0.146204
161.717831	822.469292	470.000000	364.502919	0.182258	0.147492
164.720429	822.469224	500.000000	364.502949	0.182258	0.147492
163.006821	822.469455	280.000000	364.502847	0.182258	0.147492
164.886157	822.469445	130.000000	364.502852	0.182258	0.147492
159.671277	822.469608	180.000000	364.502779	0.182258	0.146204
166.580550	822.469679	140.000000	364.502748	0.182258	0.147492
161.904347	822.469677	60.000000	364.502749	0.182258	0.147492
164.504664	822.469858	40.000000	364.502668	0.182258	0.147492
165.006253	822.469986	40.000000	364.502612	0.182258	0.147492
164.491384	822.470058	20.000000	364.502580	0.182258	0.147492
182.730727	822.470116	20.000000	364.502554	0.184833	0.147492
166.169139	822.470197	20.000000	364.502518	0.182258	0.147492
169.679587	822.470264	0.000000	364.502489	0.180970	0.147492
149.398097	822.470330	0.000000	364.502459	0.179683	0.147492
164.336553	822.470341	10.000000	364.502454	0.180970	0.146204
160.909985	822.470508	10.000000	364.502381	0.180970	0.146204
154.056078	822.470567	10.000000	364.502354	0.179683	0.146204
158.551475	822.470649	10.000000	364.502318	0.180970	0.146204
185.307089	822.470806	0.000000	364.502248	0.184833	0.146204
186.430427	822.470762	10.000000	364.502268	0.184833	0.146204
192.608127	822.471023	0.000000	364.502152	0.183546	0.147492
162.272462	822.471064	10.000000	364.502134	0.175820	0.146204
173.281679	822.471133	10.000000	364.502103	0.178395	0.146204
121.497622	822.471253	0.000000	364.502050	0.173244	0.144916
121.047574	822.471339	10.000000	364.502012	0.174532	0.144916
99.501353	822.471366	10.000000	364.502000	0.173244	0.143629
134.236450	822.471420	10.000000	364.501976	0.179683	0.143629
164.544817	822.471394	10.000000	364.501988	0.180970	0.144916
192.998948	822.471319	0.000000	364.502021	0.191271	0.144916
196.574456	822.471240	20.000000	364.502056	0.187409	0.147492
195.045421	822.471146	0.000000	364.502098	0.188696	0.148779
195.974143	822.471047	0.000000	364.502142	0.187409	0.148779
196.449093	822.471007	0.000000	364.502159	0.187409	0.148779
195.382360	822.470949	10.000000	364.502185	0.186121	0.148779
195.680722	822.470865	0.000000	364.502222	0.187409	0.148779
194.231963	822.470747	0.000000	364.502275	0.187409	0.148779
193.673712	822.470646	40.000000	364.502319	0.186121	0.150067
193.577669	822.470597	0.000000	364.502341	0.187409	0.148779
193.293188	822.470569	0.000000	364.502354	0.187409	0.148779
191.198586	822.470262	0.000000	364.502489	0.186121	0.150067
191.968825	822.470226	20.000000	364.502505	0.186121	0.148779
192.426821	822.470217	0.000000	364.502509	0.186121	0.148779
190.018100	822.470211	10.000000	364.502512	0.186121	0.150067
194.315693	822.470109	30.000000	364.502557	0.186121	0.150067
195.225378	822.470084	20.000000	364.502568	0.186121	0.150067
187.948102	822.469957	20.000000	364.502625	0.186121	0.150067
189.104743	822.469793	0.000000	364.502697	0.186121	0.150067
186.626849	822.469662	40.000000	364.502756	0.186121	0.150067
192.419888	822.469667	60.000000	364.502753	0.187409	0.150067
189.133246	822.469571	60.000000	364.502796	0.187409	0.148779
188.747397	822.469557	120.000000	364.502802	0.186121	0.150067
185.769612	822.469368	130.000000	364.502885	0.187409	0.148779
191.427365	822.469366	270.000000	364.502886	0.187409	0.150067
190.781809	822.469270	400.000000	364.502929	0.186121	0.150067
187.671085	822.469157	400.000000	364.502979	0.186121	0.150067
187.924769	822.469085	460.000000	364.503011	0.187409	0.150067
186.879771	822.469076	730.000000	364.503015	0.187409	0.150067
190.811823	822.468896	590.000000	364.503095	0.186121	0.150067
190.791585	822.468858	750.000000	364.503112	0.186121	0.150067
186.630042	822.468708	830.000000	364.503178	0.187409	0.150067
189.810201	822.468689	770.000000	364.503187	0.187409	0.148779
184.554402	822.468483	730.000000	364.503278	0.187409	0.150067
191.970281	822.468459	510.000000	364.503289	0.187409	0.150067
187.717142	822.468427	500.000000	364.503303	0.187409	0.150067
184.307209	822.468375	480.000000	364.503326	0.187409	0.150067
185.110307	822.468288	450.000000	364.503364	0.187409	0.150067
188.616993	822.468223	310.000000	364.503393	0.187409	0.150067
186.609192	822.468212	310.000000	364.503398	0.187409	0.150067
187.287989	822.467795	150.000000	364.503583	0.187409	0.150067
185.845653	822.467747	140.000000	364.503604	0.187409	0.150067
185.210210	822.467721	60.000000	364.503615	0.187409	0.150067
186.805236	822.467700	30.000000	364.503625	0.187409	0.150067
181.527788	822.467645	10.000000	364.503649	0.187409	0.150067
187.006758	822.467596	30.000000	364.503671	0.188696	0.150067
194.584175	822.467531	10.000000	364.503700	0.187409	0.150067
184.917134	822.467531	10.000000	364.503700	0.188696	0.150067
187.294015	822.467446	20.000000	364.503737	0.187409	0.150067
189.435126	822.467517	10.000000	364.503706	0.187409	0.150067
189.133826	822.467533	10.000000	364.503699	0.187409	0.150067
185.919005	822.467601	20.000000	364.503669	0.187409	0.150067
191.773108	822.467629	30.000000	364.503656	0.187409	0.150067
183.922376	822.467659	10.000000	364.503643	0.187409	0.150067
187.856947	822.467907	10.000000	364.503533	0.187409	0.150067
191.558059	822.467945	50.000000	364.503516	0.187409	0.150067
190.423986	822.468084	10.000000	364.503455	0.187409	0.150067
188.307851	822.468164	110.000000	364.503419	0.187409	0.150067
186.973435	822.468230	190.000000	364.503390	0.187409	0.150067
189.347893	822.468249	250.000000	364.503382	0.187409	0.148779
181.146166	822.468213	210.000000	364.503398	0.187409	0.148779
192.683202	822.468231	240.000000	364.503390	0.187409	0.148779
189.797252	822.468420	310.000000	364.503306	0.186121	0.150067
189.477209	822.468489	570.000000	364.503275	0.187409	0.148779
191.197304	822.468674	510.000000	364.503193	0.187409	0.150067
186.402794	822.468733	760.000000	364.503167	0.186121	0.148779
191.124286	822.468854	790.000000	364.503113	0.186121	0.148779
183.614411	822.468914	810.000000	364.503087	0.186121	0.150067
182.695001	822.468869	850.000000	364.503107	0.186121	0.148779
188.644411	822.469061	840.000000	364.503022	0.186121	0.148779
183.756797	822.469130	680.000000	364.502991	0.186121	0.148779
189.336595	822.469202	860.000000	364.502959	0.187409	0.148779
191.652671	822.469316	510.000000	364.502909	0.186121	0.148779
192.435725	822.469366	410.000000	364.502886	0.186121	0.150067
187.494810	822.469400	250.000000	364.502871	0.186121	0.150067
187.481221	822.469472	260.000000	364.502840	0.186121	0.148779
191.218999	822.469630	190.000000	364.502769	0.186121	0.148779
191.171779	822.469629	100.000000	364.502770	0.186121	0.148779
190.765367	822.469766	90.000000	364.502709	0.186121	0.148779
192.122336	822.469854	10.000000	364.502670	0.187409	0.148779
185.932925	822.469981	50.000000	364.502614	0.188696	0.150067
143.239698	822.470131	20.000000	364.502547	0.182258	0.148779
61.469570	-3.000000	10.000000	-99930.819333	0.179683	0.148779
45.555308	-3.000000	0.000000	-99930.819333	0.178395	0.147492
49.789293	-3.000000	0.000000	-99930.819333	0.179683	0.146204
85.105997	822.470351	10.000000	364.502450	0.187409	0.146204
182.374911	822.470541	10.000000	364.502366	0.188696	0.147492
224.869186	822.470533	0.000000	364.502369	0.186121	0.147492
224.059092	822.470640	0.000000	364.502322	0.186121	0.148779
224.569886	822.470639	0.000000	364.502322	0.187409	0.148779
223.443094	822.470780	20.000000	364.502260	0.189984	0.148779
187.930367	822.470865	30.000000	364.502222	0.184833	0.148779
155.726502	822.470989	0.000000	364.502167	0.182258	0.148779
149.102449	822.471014	0.000000	364.502156	0.179683	0.147492
143.802983	822.470974	30.000000	364.502174	0.180970	0.146204
190.670132	822.471176	10.000000	364.502085	0.184833	0.147492
217.704333	822.471300	0.000000	364.502029	0.184833	0.146204
221.565324	822.471345	0.000000	364.502009	0.184833	0.147492
217.618774	822.471370	20.000000	364.501998	0.186121	0.147492
218.622831	822.471412	10.000000	364.501980	0.186121	0.147492
217.913939	822.471215	0.000000	364.502067	0.186121	0.148779
216.358147	822.471204	0.000000	364.502072	0.187409	0.148779
209.709611	822.471056	0.000000	364.502138	0.183546	0.148779
201.509144	822.471034	10.000000	364.502147	0.184833	0.148779
174.272196	822.470935	30.000000	364.502191	0.183546	0.147492
178.488468	822.470894	0.000000	364.502210	0.186121	0.147492
196.497625	822.470702	10.000000	364.502295	0.186121	0.148779
213.419038	822.470681	10.000000	364.502304	0.188696	0.148779
220.770697	822.470597	0.000000	364.502341	0.186121	0.148779
219.859056	822.470587	10.000000	364.502345	0.188696	0.148779
223.074044	822.470463	0.000000	364.502400	0.186121	0.148779
217.737428	822.470352	10.000000	364.502450	0.186121	0.148779
226.749379	822.470321	10.000000	364.502463	0.192559	0.150067
228.522820	822.470221	20.000000	364.502507	0.189984	0.150067
220.598597	822.470146	0.000000	364.502541	0.183546	0.150067
224.750200	822.470072	20.000000	364.502574	0.192559	0.150067
222.890079	822.470047	20.000000	364.502585	0.188696	0.151355
221.746330	822.469905	20.000000	364.502647	0.186121	0.151355
195.920128	822.469823	70.000000	364.502684	0.180970	0.150067
207.633115	822.469657	50.000000	364.502758	0.180970	0.148779
180.044113	822.469613	80.000000	364.502777	0.180970	0.147492
186.800772	822.469583	70.000000	364.502790	0.182258	0.147492
215.211538	822.469502	60.000000	364.502826	0.195134	0.147492
222.823818	822.469410	170.000000	364.502867	0.193847	0.150067
222.529557	822.469273	250.000000	364.502928	0.193847	0.151355
219.796393	822.469271	330.000000	364.502929	0.192559	0.151355
222.032894	822.469091	440.000000	364.503008	0.191271	0.151355
221.235598	822.469064	580.000000	364.503020	0.188696	0.151355
204.117765	822.468953	630.000000	364.503070	0.179683	0.150067
184.518807	822.468873	670.000000	364.503105	0.178395	0.148779
185.055818	822.468810	840.000000	364.503133	0.180970	0.147492
194.265970	822.468699	690.000000	364.503182	0.183546	0.146204
219.321475	822.468638	910.000000	364.503209	0.196422	0.148779
204.295123	822.468541	800.000000	364.503252	0.206723	0.151355
186.418056	822.468478	780.000000	364.503280	0.210586	0.153930
188.778765	822.468421	650.000000	364.503305	0.208011	0.156505
198.655304	822.468287	400.000000	364.503365	0.205435	0.157793
197.245040	822.468146	370.000000	364.503427	0.209298	0.159080
149.147916	822.468136	260.000000	364.503432	0.218312	0.161656
112.667570	822.468080	210.000000	364.503456	0.222175	0.162943
111.949376	822.467919	130.000000	364.503528	0.222175	0.165519
130.987565	822.467866	160.000000	364.503551	0.214449	0.166806
182.605732	822.467858	90.000000	364.503555	0.202860	0.165519
204.952621	822.467766	30.000000	364.503596	0.197710	0.162943
218.123178	822.467607	10.000000	364.503666	0.191271	0.160368
214.263721	822.467534	10.000000	364.503699	0.195134	0.157793
215.370028	822.467448	10.000000	364.503737	0.193847	0.156505
215.744517	822.467371	10.000000	364.503770	0.193847	0.156505
211.952138	822.467406	0.000000	364.503755	0.193847	0.156505
220.470930	822.467402	0.000000	364.503757	0.195134	0.155218
212.552723	822.467480	0.000000	364.503722	0.193847	0.155218
217.074410	822.467511	0.000000	364.503709	0.187409	0.153930
207.080439	822.467576	0.000000	364.503680	0.183546	0.152642
212.342799	822.467727	0.000000	364.503613	0.184833	0.151355
215.355149	822.467723	20.000000	364.503615	0.197710	0.151355
194.335490	822.467929	40.000000	364.503523	0.205435	0.152642
199.015465	822.467908	20.000000	364.503533	0.205435	0.155218
196.133957	822.468093	50.000000	364.503451	0.202860	0.156505
191.141235	822.468222	140.000000	364.503394	0.204148	0.157793
200.828909	822.468212	260.000000	364.503398	0.197710	0.157793
222.423690	822.468248	330.000000	364.503382	0.186121	0.156505
210.550942	822.468352	280.000000	364.503336	0.180970	0.153930
186.306649	822.468478	450.000000	364.503280	0.177107	0.151355
196.030802	822.468564	620.000000	364.503242	0.179683	0.150067
197.039263	822.468597	450.000000	364.503227	0.180970	0.148779
195.691790	822.468671	580.000000	364.503195	0.180970	0.147492
198.236022	822.468762	620.000000	364.503154	0.182258	0.146204
201.824520	822.468870	840.000000	364.503106	0.180970	0.147492
214.992665	822.468994	770.000000	364.503051	0.188696	0.147492
223.368136	822.469003	780.000000	364.503047	0.198997	0.150067
211.517204	822.469079	660.000000	364.503014	0.197710	0.151355
220.133174	822.469140	730.000000	364.502986	0.197710	0.152642
220.795657	822.469288	620.000000	364.502921	0.196422	0.153930
220.151626	822.469310	480.000000	364.502911	0.196422	0.153930
210.023618	822.469404	500.000000	364.502870	0.198997	0.155218
209.311892	822.469516	330.000000	364.502820	0.205435	0.155218
209.696546	822.469529	190.000000	364.502814	0.197710	0.157793
223.938379	822.469666	120.000000	364.502754	0.187409	0.155218
224.403357	822.469778	90.000000	364.502704	0.188696	0.153930
222.685879	822.469798	70.000000	364.502695	0.188696	0.152642
225.046074	822.469917	70.000000	364.502643	0.188696	0.152642
225.373496	822.470040	10.000000	364.502588	0.188696	0.151355
226.531263	822.470095	20.000000	364.502563	0.188696	0.151355
227.439959	822.470168	50.000000	364.502531	0.188696	0.151355
226.389716	822.470255	0.000000	364.502493	0.188696	0.151355
226.613400	822.470294	20.000000	364.502475	0.188696	0.151355
227.989098	822.470332	0.000000	364.502458	0.188696	0.151355
224.151719	822.470437	0.000000	364.502412	0.188696	0.150067
227.620558	822.470450	0.000000	364.502406	0.188696	0.151355
229.683758	822.470669	0.000000	364.502309	0.189984	0.151355
229.429466	822.470871	30.000000	364.502219	0.189984	0.151355
230.595185	822.470919	0.000000	364.502198	0.189984	0.151355
227.867964	822.470902	0.000000	364.502206	0.188696	0.151355
226.441886	822.470941	10.000000	364.502188	0.189984	0.151355
227.125360	822.471072	20.000000	364.502131	0.189984	0.151355
233.437567	822.471149	0.000000	364.502096	0.189984	0.151355
227.265157	822.471181	20.000000	364.502082	0.189984	0.151355
226.060626	822.471170	20.000000	364.502087	0.189984	0.151355
229.679214	822.471411	10.000000	364.501980	0.189984	0.151355
230.080592	822.471202	10.000000	364.502073	0.189984	0.151355
231.745782	822.471135	0.000000	364.502103	0.189984	0.151355
230.032353	822.471154	0.000000	364.502094	0.189984	0.151355
231.431150	822.471153	0.000000	364.502095	0.189984	0.151355
229.571600	822.471039	10.000000	364.502145	0.188696	0.151355
229.896473	822.471001	0.000000	364.502162	0.189984	0.151355
226.555231	822.470899	10.000000	364.502207	0.189984	0.151355
227.508058	822.470867	10.000000	364.502221	0.188696	0.151355
226.465958	822.470781	0.000000	364.502260	0.189984	0.151355
225.813110	822.470418	0.000000	364.502420	0.189984	0.151355
227.753098	822.470294	10.000000	364.502475	0.188696	0.151355
227.713672	822.470422	0.000000	364.502419	0.188696	0.151355
224.522880	822.470364	10.000000	364.502444	0.188696	0.151355
225.991448	822.470343	0.000000	364.502454	0.188696	0.151355
220.753392	822.470325	10.000000	364.502462	0.189984	0.151355
225.391169	822.470207	10.000000	364.502514	0.188696	0.151355
229.271200	822.470183	0.000000	364.502525	0.188696	0.151355
223.704119	822.470033	20.000000	364.502591	0.189984	0.151355
224.173729	822.469724	40.000000	364.502728	0.188696	0.151355
218.529148	822.469798	50.000000	364.502695	0.188696	0.151355
218.886977	822.469713	30.000000	364.502733	0.188696	0.151355
226.227522	822.469640	100.000000	364.502765	0.188696	0.151355
226.006173	822.469598	70.000000	364.502784	0.188696	0.151355
226.544038	822.469566	120.000000	364.502798	0.188696	0.151355
220.269888	822.469489	170.000000	364.502832	0.188696	0.150067
217.162968	822.469423	130.000000	364.502861	0.188696	0.151355
222.243719	822.469048	280.000000	364.503027	0.188696	0.151355
224.873071	822.469056	280.000000	364.503024	0.188696	0.151355
221.492164	822.469023	420.000000	364.503039	0.188696	0.151355
210.882594	822.469020	630.000000	364.503040	0.188696	0.151355
219.843322	822.468959	820.000000	364.503067	0.188696	0.151355
219.278012	822.468901	830.000000	364.503093	0.188696	0.151355
222.277830	822.468781	820.000000	364.503146	0.188696	0.151355
219.126621	822.468744	870.000000	364.503162	0.188696	0.151355
212.140231	822.468621	830.000000	364.503217	0.188696	0.151355
217.036425	822.468495	690.000000	364.503272	0.189984	0.151355
229.293657	822.468411	690.000000	364.503310	0.188696	0.151355
223.564505	822.468310	600.000000	364.503355	0.188696	0.151355
224.352890	822.468355	490.000000	364.503335	0.188696	0.151355
213.914901	822.468161	340.000000	364.503421	0.188696	0.151355
218.886807	822.468031	250.000000	364.503478	0.188696	0.151355
219.681643	822.468037	100.000000	364.503476	0.188696	0.151355
218.936409	822.467894	150.000000	364.503539	0.187409	0.151355
218.757421	822.467802	20.000000	364.503580	0.189984	0.151355
218.058298	822.467733	30.000000	364.503610	0.192559	0.151355
205.528205	822.467676	30.000000	364.503636	0.196422	0.152642
196.701807	822.467672	60.000000	364.503637	0.197710	0.153930
196.988104	822.467558	10.000000	364.503688	0.197710	0.153930
195.834634	822.467436	0.000000	364.503742	0.196422	0.153930
199.350650	822.467371	30.000000	364.503771	0.196422	0.155218
200.907671	822.467455	10.000000	364.503733	0.196422	0.155218
198.379795	822.467541	0.000000	364.503695	0.196422	0.155218
200.387459	822.467619	10.000000	364.503661	0.196422	0.155218
199.928465	822.467683	40.000000	364.503632	0.196422	0.155218
195.354702	822.467728	10.000000	364.503613	0.196422	0.155218
199.469739	822.467761	40.000000	364.503598	0.196422	0.155218
199.106129	822.467887	50.000000	364.503542	0.196422	0.155218
198.724316	822.467950	50.000000	364.503514	0.196422	0.155218
200.056079	822.468020	70.000000	364.503483	0.196422	0.156505
202.423693	822.468198	90.000000	364.503404	0.196422	0.155218
198.015941	822.468206	210.000000	364.503401	0.196422	0.155218
192.741017	822.468206	260.000000	364.503401	0.196422	0.155218
202.990225	822.468329	410.000000	364.503346	0.196422	0.156505
192.893523	822.468433	380.000000	364.503300	0.196422	0.155218
196.886284	822.468546	330.000000	364.503250	0.196422	0.155218
201.916817	822.468628	600.000000	364.503214	0.196422	0.155218
196.754360	822.468773	700.000000	364.503149	0.196422	0.155218
196.880288	822.468901	840.000000	364.503092	0.196422	0.155218
198.241835	822.468918	1020.000000	364.503085	0.196422	0.155218
195.848056	822.468939	790.000000	364.503076	0.196422	0.155218
197.345784	822.468995	750.000000	364.503051	0.196422	0.155218
196.009165	822.468957	1020.000000	364.503068	0.196422	0.155218
204.324367	822.469031	680.000000	364.503035	0.196422	0.155218
200.536842	822.469475	530.000000	364.502838	0.196422	0.155218
194.246376	822.469420	300.000000	364.502863	0.196422	0.155218
197.015653	822.469462	220.000000	364.502844	0.196422	0.155218
202.656024	822.469532	160.000000	364.502813	0.195134	0.155218
203.506892	822.469581	150.000000	364.502791	0.196422	0.153930
199.682789	822.469653	100.000000	364.502759	0.196422	0.155218
199.552615	822.469720	50.000000	364.502730	0.195134	0.155218
200.302025	822.469762	40.000000	364.502711	0.195134	0.153930
198.993838	822.469913	30.000000	364.502644	0.196422	0.155218
199.950448	822.470080	20.000000	364.502570	0.196422	0.155218
202.081259	822.470232	30.000000	364.502503	0.196422	0.155218
199.031387	822.470257	30.000000	364.502491	0.196422	0.155218
202.473774	822.470255	0.000000	364.502492	0.195134	0.155218
206.084663	822.470350	10.000000	364.502450	0.196422	0.155218
200.324859	822.470310	0.000000	364.502468	0.195134	0.155218
200.536889	822.470394	30.000000	364.502431	0.195134	0.155218
204.955545	822.470406	0.000000	364.502426	0.196422	0.153930
201.404370	822.470627	10.000000	364.502328	0.195134	0.155218
205.643880	822.470886	20.000000	364.502213	0.196422	0.153930
198.828186	822.470954	10.000000	364.502183	0.196422	0.155218
201.019901	822.470973	10.000000	364.502174	0.196422	0.153930
207.853780	822.471018	10.000000	364.502154	0.196422	0.155218
202.730717	822.471061	10.000000	364.502135	0.196422	0.155218
203.218490	822.471165	0.000000	364.502089	0.196422	0.153930
201.821106	822.471260	0.000000	364.502047	0.196422	0.155218
206.416956	822.471384	0.000000	364.501992	0.196422	0.155218
205.097611	822.471582	10.000000	364.501904	0.196422	0.155218
205.892655	822.471393	0.000000	364.501988	0.196422	0.155218
199.775177	822.471217	10.000000	364.502066	0.196422	0.155218
199.663057	822.471177	10.000000	364.502084	0.196422	0.155218
206.888734	822.471115	0.000000	364.502112	0.196422	0.155218
207.448388	822.471046	0.000000	364.502142	0.195134	0.155218
202.942198	822.470989	0.000000	364.502167	0.196422	0.155218
203.096283	822.470973	10.000000	364.502174	0.195134	0.155218
203.154271	822.470887	10.000000	364.502212	0.196422	0.155218
199.060571	822.470816	0.000000	364.502244	0.197710	0.155218
185.544651	822.470663	0.000000	364.502312	0.200285	0.155218
169.885072	822.470438	10.000000	364.502411	0.202860	0.156505
170.260665	822.470462	0.000000	364.502401	0.202860	0.156505
170.503281	822.470407	10.000000	364.502425	0.202860	0.156505
171.442165	822.470344	0.000000	364.502453	0.201573	0.157793
172.467779	822.470291	10.000000	364.502477	0.201573	0.156505
166.757102	822.470214	10.000000	364.502511	0.201573	0.157793
167.800251	822.470204	10.000000	364.502515	0.201573	0.157793
173.577409	822.470157	10.000000	364.502536	0.201573	0.157793
167.907076	822.469776	0.000000	364.502705	0.201573	0.157793
171.688136	822.469745	30.000000	364.502718	0.201573	0.157793
165.237847	822.469682	50.000000	364.502746	0.201573	0.157793
172.838471	822.469706	80.000000	364.502736	0.201573	0.157793
164.013947	822.469658	100.000000	364.502757	0.201573	0.157793
168.105590	822.469534	70.000000	364.502812	0.201573	0.157793
172.865621	822.469507	110.000000	364.502824	0.201573	0.157793
167.190938	822.469460	230.000000	364.502845	0.201573	0.157793
170.641146	822.469126	140.000000	364.502993	0.200285	0.157793
168.529428	822.469094	360.000000	364.503007	0.201573	0.157793
169.268618	822.469076	520.000000	364.503015	0.201573	0.157793
166.458507	822.469052	590.000000	364.503026	0.200285	0.159080
163.751830	822.468924	730.000000	364.503083	0.201573	0.157793
164.426719	822.468858	810.000000	364.503112	0.200285	0.157793
172.587039	822.468881	900.000000	364.503102	0.201573	0.157793
165.721938	822.468846	780.000000	364.503117	0.200285	0.157793
169.588197	822.468611	840.000000	364.503221	0.201573	0.157793
165.141662	822.468568	620.000000	364.503240	0.201573	0.157793
169.730710	822.468383	670.000000	364.503322	0.200285	0.157793
169.191949	822.468378	550.000000	364.503325	0.201573	0.157793
167.324048	822.468302	550.000000	364.503358	0.200285	0.157793
163.462962	822.468245	490.000000	364.503383	0.201573	0.157793
169.970573	822.468220	380.000000	364.503394	0.200285	0.157793
167.272406	822.468006	330.000000	364.503489	0.201573	0.157793
171.098768	822.468000	170.000000	364.503492	0.201573	0.157793
167.177727	822.467776	120.000000	364.503591	0.201573	0.157793
168.211137	822.467797	60.000000	364.503582	0.201573	0.157793
170.228750	822.467735	30.000000	364.503609	0.201573	0.157793
167.735961	822.467658	40.000000	364.503643	0.201573	0.156505
166.728904	822.467628	30.000000	364.503657	0.201573	0.156505
170.389334	822.467487	10.000000	364.503719	0.201573	0.157793
171.615661	822.467363	0.000000	364.503774	0.201573	0.157793
168.108912	822.467566	10.000000	364.503684	0.201573	0.157793
166.527320	822.467626	10.000000	364.503658	0.200285	0.156505
167.074638	822.467668	20.000000	364.503639	0.200285	0.157793
168.937177	822.467721	10.000000	364.503616	0.200285	0.157793
167.778359	822.467806	60.000000	364.503578	0.200285	0.157793
163.240311	822.467818	30.000000	364.503573	0.200285	0.157793
165.173086	822.467928	20.000000	364.503524	0.200285	0.157793
167.490715	822.467973	90.000000	364.503504	0.201573	0.157793
172.987076	822.468098	110.000000	364.503448	0.201573	0.157793
166.904863	822.468149	270.000000	364.503426	0.200285	0.157793
167.400308	822.468198	260.000000	364.503404	0.200285	0.157793
171.359811	822.468238	260.000000	364.503386	0.200285	0.157793
168.322542	822.468444	360.000000	364.503295	0.200285	0.157793
171.476103	822.468443	500.000000	364.503296	0.201573	0.157793
168.957028	822.468476	570.000000	364.503281	0.200285	0.157793
169.574462	822.468723	600.000000	364.503171	0.200285	0.157793
170.662761	822.468735	570.000000	364.503166	0.200285	0.157793
169.272035	822.468922	790.000000	364.503083	0.200285	0.156505
171.159958	822.468925	720.000000	364.503082	0.200285	0.157793
165.254187	822.468921	790.000000	364.503084	0.200285	0.156505
171.812609	822.468986	610.000000	364.503055	0.200285	0.156505
168.324446	822.469005	670.000000	364.503047	0.200285	0.157793
170.978529	822.469320	500.000000	364.502907	0.200285	0.157793
169.751214	822.469506	280.000000	364.502825	0.201573	0.157793
165.754273	822.469501	190.000000	364.502827	0.200285	0.156505
170.972866	822.469537	140.000000	364.502811	0.201573	0.157793
171.359496	822.469656	150.000000	364.502758	0.200285	0.156505
172.509278	822.469590	210.000000	364.502787	0.198997	0.157793
181.802136	822.469642	140.000000	364.502764	0.196422	0.156505
194.359201	822.469694	80.000000	364.502741	0.193847	0.156505
202.939283	822.469708	40.000000	364.502735	0.193847	0.155218
206.104907	822.470123	50.000000	364.502551	0.193847	0.155218
206.793225	822.470151	10.000000	364.502538	0.192559	0.155218
205.541149	822.470208	0.000000	364.502514	0.193847	0.153930
201.531672	822.470236	0.000000	364.502501	0.193847	0.153930
204.099518	822.470366	0.000000	364.502443	0.193847	0.152642
204.426613	822.470376	0.000000	364.502439	0.192559	0.152642
207.195816	822.470440	0.000000	364.502410	0.193847	0.153930
205.860411	822.470398	0.000000	364.502429	0.193847	0.153930
208.633068	822.470734	0.000000	364.502280	0.193847	0.153930
205.731197	822.470771	10.000000	364.502264	0.193847	0.153930
210.558016	822.470926	0.000000	364.502195	0.193847	0.153930
207.276105	822.470947	0.000000	364.502186	0.193847	0.153930
205.569766	822.471021	0.000000	364.502153	0.193847	0.153930
208.616433	822.470992	10.000000	364.502166	0.193847	0.153930
205.068432	822.471076	0.000000	364.502129	0.193847	0.153930
207.991393	822.471112	10.000000	364.502113	0.193847	0.153930
210.823427	822.471246	10.000000	364.502053	0.193847	0.153930
208.625450	822.471475	20.000000	364.501952	0.193847	0.152642
210.322546	822.471525	20.000000	364.501930	0.193847	0.153930
209.412734	822.471413	10.000000	364.501980	0.193847	0.153930
206.859386	822.471238	10.000000	364.502057	0.193847	0.153930
210.333644	822.471127	20.000000	364.502106	0.193847	0.153930
205.591201	822.471122	30.000000	364.502108	0.193847	0.153930
205.287729	822.471084	0.000000	364.502125	0.193847	0.153930
202.720124	822.471085	10.000000	364.502125	0.193847	0.153930
207.583753	822.470946	0.000000	364.502186	0.193847	0.153930
210.035991	822.470932	10.000000	364.502192	0.193847	0.153930
205.456468	822.470892	10.000000	364.502210	0.193847	0.153930
204.785562	822.470544	10.000000	364.502365	0.193847	0.153930
205.545255	822.470630	10.000000	364.502327	0.193847	0.152642
207.672873	822.470224	20.000000	364.502506	0.193847	0.153930
202.008068	822.470353	10.000000	364.502449	0.193847	0.153930
209.578818	822.470289	0.000000	364.502477	0.193847	0.153930
205.176864	822.470316	0.000000	364.502465	0.193847	0.153930
208.471922	822.470287	0.000000	364.502478	0.192559	0.153930
204.089140	822.470267	30.000000	364.502487	0.193847	0.152642
211.065984	822.470145	10.000000	364.502541	0.193847	0.152642
203.276689	822.469968	0.000000	364.502620	0.193847	0.152642
201.232761	822.469742	0.000000	364.502720	0.193847	0.152642
202.820948	822.469685	40.000000	364.502745	0.193847	0.152642
201.021621	822.469648	110.000000	364.502762	0.193847	0.152642
204.394122	822.469641	90.000000	364.502765	0.192559	0.153930
197.215628	822.469502	130.000000	364.502826	0.193847	0.152642
209.253185	822.469471	190.000000	364.502840	0.193847	0.152642
202.206771	822.469459	190.000000	364.502845	0.193847	0.152642
198.700375	822.469440	170.000000	364.502854	0.192559	0.152642
202.721749	822.469216	220.000000	364.502953	0.193847	0.152642
200.889984	822.468816	330.000000	364.503130	0.193847	0.152642
196.069412	822.468886	340.000000	364.503099	0.193847	0.152642
195.062681	822.468906	490.000000	364.503090	0.193847	0.153930
201.173114	822.468854	790.000000	364.503113	0.193847	0.152642
203.184988	822.468862	650.000000	364.503110	0.193847	0.152642
203.560506	822.468751	900.000000	364.503159	0.192559	0.152642
201.644975	822.468631	830.000000	364.503212	0.193847	0.153930
201.162068	822.468562	760.000000	364.503243	0.193847	0.153930
201.714981	822.468432	740.000000	364.503300	0.193847	0.152642
202.317177	822.468378	630.000000	364.503325	0.193847	0.153930
200.578197	822.468345	510.000000	364.503339	0.193847	0.152642
204.728273	822.468191	470.000000	364.503407	0.193847	0.153930
197.429485	822.468183	300.000000	364.503411	0.192559	0.153930
203.646750	822.468101	190.000000	364.503447	0.193847	0.153930
200.608135	822.467938	230.000000	364.503520	0.193847	0.153930
197.929096	822.467810	100.000000	364.503576	0.193847	0.153930
206.699082	822.467755	50.000000	364.503600	0.193847	0.152642
206.088986	822.467759	20.000000	364.503599	0.193847	0.153930
197.722063	822.467781	20.000000	364.503589	0.193847	0.153930
199.270288	822.467556	30.000000	364.503689	0.193847	0.153930
198.264622	822.467546	20.000000	364.503693	0.193847	0.153930
196.613704	822.467347	10.000000	364.503781	0.193847	0.153930
203.934144	822.467552	20.000000	364.503690	0.193847	0.153930
204.041051	822.467599	10.000000	364.503670	0.193847	0.153930
200.575365	822.467587	0.000000	364.503675	0.193847	0.153930
201.683833	822.467617	10.000000	364.503662	0.193847	0.153930
196.576368	822.467827	10.000000	364.503569	0.193847	0.153930
201.153319	822.467858	40.000000	364.503555	0.193847	0.153930
196.844385	822.467874	80.000000	364.503548	0.193847	0.153930
197.228877	822.467869	30.000000	364.503550	0.193847	0.153930
204.037129	822.468108	20.000000	364.503444	0.193847	0.153930
199.673869	822.468085	250.000000	364.503454	0.193847	0.153930
199.309901	822.468202	150.000000	364.503402	0.193847	0.153930
203.931495	822.468327	240.000000	364.503347	0.193847	0.153930
196.898799	822.468306	340.000000	364.503356	0.193847	0.153930
202.813773	822.468570	310.000000	364.503239	0.193847	0.153930
199.614331	822.468606	580.000000	364.503223	0.193847	0.153930
198.025276	822.468673	700.000000	364.503194	0.193847	0.153930
200.189800	822.468840	860.000000	364.503120	0.193847	0.153930
207.116693	822.468894	770.000000	364.503096	0.193847	0.153930
203.607631	822.468890	730.000000	364.503098	0.193847	0.153930
205.940868	822.468928	730.000000	364.503081	0.192559	0.153930
198.013616	822.468974	840.000000	364.503060	0.193847	0.152642
200.628077	822.468941	690.000000	364.503075	0.192559	0.153930
200.248871	822.469131	340.000000	364.502991	0.192559	0.153930
204.028824	822.469364	370.000000	364.502887	0.192559	0.153930
203.502310	822.469442	260.000000	364.502853	0.193847	0.153930
197.606214	822.469552	210.000000	364.502804	0.193847	0.153930
203.006679	822.469583	110.000000	364.502790	0.192559	0.153930
201.330317	822.469627	160.000000	364.502771	0.193847	0.153930
202.004136	822.469617	90.000000	364.502775	0.193847	0.153930
204.971733	822.469687	40.000000	364.502744	0.193847	0.152642
206.912923	822.469940	100.000000	364.502632	0.192559	0.153930
207.834558	822.470082	20.000000	364.502569	0.192559	0.153930
207.155577	822.470179	40.000000	364.502526	0.193847	0.153930
211.108170	822.470199	0.000000	364.502517	0.192559	0.153930
204.310186	822.470268	0.000000	364.502487	0.193847	0.153930
207.949389	822.470295	0.000000	364.502475	0.192559	0.153930
204.286060	822.470289	20.000000	364.502477	0.191271	0.153930
217.232923	822.470328	0.000000	364.502460	0.188696	0.152642
221.470707	822.470548	10.000000	364.502363	0.189984	0.152642
223.291157	822.470815	0.000000	364.502244	0.189984	0.152642
223.237662	822.470846	10.000000	364.502231	0.189984	0.151355
222.427015	822.470892	10.000000	364.502210	0.189984	0.151355
227.586509	822.470925	0.000000	364.502196	0.189984	0.151355
225.616412	822.470971	0.000000	364.502175	0.189984	0.151355
224.056768	822.471032	0.000000	364.502148	0.189984	0.151355
227.957855	822.471031	0.000000	364.502149	0.189984	0.151355
226.515707	822.471224	0.000000	364.502063	0.189984	0.151355
223.536809	822.471420	10.000000	364.501976	0.189984	0.151355
228.064320	822.471525	20.000000	364.501930	0.189984	0.151355
221.279443	822.471563	30.000000	364.501913	0.189984	0.151355
226.562837	822.471561	10.000000	364.501914	0.189984	0.151355
224.245168	822.471332	0.000000	364.502015	0.189984	0.152642
226.383233	822.471182	30.000000	364.502082	0.189984	0.152642
222.465629	822.471052	0.000000	364.502139	0.189984	0.152642
226.418500	822.471038	40.000000	364.502145	0.189984	0.151355
228.225437	822.471066	20.000000	364.502133	0.189984	0.151355
223.401441	822.471014	20.000000	364.502156	0.189984	0.151355
223.573882	822.470961	10.000000	364.502179	0.189984	0.151355
221.797535	822.470883	20.000000	364.502214	0.189984	0.151355
221.440184	822.470811	0.000000	364.502246	0.189984	0.151355
222.129993	822.470547	0.000000	364.502363	0.189984	0.151355
221.260905	822.470369	0.000000	364.502442	0.189984	0.151355
218.174710	822.470363	0.000000	364.502444	0.189984	0.151355
221.229509	822.470409	10.000000	364.502425	0.189984	0.151355
221.086446	822.470333	0.000000	364.502458	0.189984	0.151355
217.733819	822.470308	0.000000	364.502469	0.189984	0.151355
224.655633	822.470164	10.000000	364.502533	0.189984	0.151355
221.742564	822.470144	0.000000	364.502542	0.189984	0.151355
217.414660	822.469956	0.000000	364.502625	0.189984	0.151355
217.499934	822.469755	60.000000	364.502714	0.189984	0.151355
218.714905	822.469745	20.000000	364.502719	0.189984	0.151355
217.153376	822.469688	50.000000	364.502744	0.188696	0.151355
210.792763	822.469675	70.000000	364.502750	0.188696	0.151355
219.770606	822.469614	100.000000	364.502776	0.189984	0.151355
215.814874	822.469492	100.000000	364.502831	0.188696	0.151355
216.930052	822.469451	190.000000	364.502849	0.188696	0.151355
219.045160	822.469407	180.000000	364.502868	0.189984	0.151355
215.751609	822.469157	160.000000	364.502979	0.188696	0.151355
219.314067	822.469031	380.000000	364.503035	0.188696	0.151355
212.768905	822.469003	740.000000	364.503048	0.189984	0.151355
211.670543	822.468969	780.000000	364.503062	0.188696	0.151355
218.994940	822.468952	640.000000	364.503070	0.188696	0.151355
210.381448	822.468919	650.000000	364.503085	0.188696	0.151355
211.284504	822.468770	910.000000	364.503150	0.188696	0.151355
217.367844	822.468741	750.000000	364.503163	0.188696	0.151355
217.405652	822.468613	770.000000	364.503220	0.189984	0.151355
211.676160	822.468502	620.000000	364.503270	0.189984	0.151355
210.290583	822.468311	550.000000	364.503354	0.189984	0.151355
219.468317	822.468269	350.000000	364.503373	0.189984	0.151355
207.425391	822.468278	380.000000	364.503369	0.189984	0.151355
214.493938	822.468292	360.000000	364.503362	0.188696	0.151355
212.856839	822.468024	370.000000	364.503481	0.189984	0.151355
213.357570	822.468003	200.000000	364.503490	0.189984	0.151355
213.846438	822.467996	140.000000	364.503494	0.189984	0.151355
213.467063	822.467761	80.000000	364.503598	0.189984	0.151355
217.640161	822.467795	30.000000	364.503583	0.189984	0.151355
217.480985	822.467750	50.000000	364.503603	0.189984	0.151355
211.007609	822.467612	20.000000	364.503664	0.189984	0.152642
216.225368	822.467576	10.000000	364.503680	0.189984	0.152642
206.296662	822.467548	0.000000	364.503692	0.189984	0.151355
213.765376	822.467544	10.000000	364.503694	0.189984	0.151355
211.325160	822.467592	10.000000	364.503673	0.189984	0.151355
216.922131	822.467756	10.000000	364.503600	0.189984	0.152642
213.244681	822.467772	40.000000	364.503593	0.189984	0.151355
214.811670	822.467786	50.000000	364.503587	0.189984	0.151355
211.128851	822.467798	30.000000	364.503581	0.189984	0.151355
211.492329	822.467816	50.000000	364.503573	0.189984	0.151355
215.402172	822.468059	40.000000	364.503466	0.189984	0.151355
213.869322	822.468199	210.000000	364.503404	0.188696	0.152642
216.987222	822.468274	120.000000	364.503371	0.189984	0.151355
220.496341	822.468268	320.000000	364.503373	0.188696	0.151355
207.152810	822.468284	350.000000	364.503366	0.188696	0.152642
211.874669	822.468415	290.000000	364.503308	0.189984	0.151355
220.492652	822.468553	390.000000	364.503247	0.188696	0.151355
211.572703	822.468623	690.000000	364.503216	0.189984	0.151355
211.462640	822.468747	760.000000	364.503161	0.188696	0.151355
217.992682	822.468812	700.000000	364.503132	0.188696	0.151355
213.863050	822.468947	710.000000	364.503072	0.188696	0.151355
213.330476	822.468948	770.000000	364.503072	0.188696	0.151355
216.599898	822.468991	840.000000	364.503053	0.188696	0.151355
209.862092	822.469007	810.000000	364.503046	0.189984	0.151355
215.333833	822.469130	610.000000	364.502991	0.188696	0.151355
215.863242	822.469136	410.000000	364.502989	0.188696	0.151355
217.634068	822.469457	470.000000	364.502846	0.189984	0.151355
213.394882	822.469533	220.000000	364.502812	0.189984	0.151355
215.504649	822.469558	70.000000	364.502801	0.189984	0.152642
217.552680	822.469605	130.000000	364.502780	0.189984	0.151355
220.209657	822.469631	100.000000	364.502769	0.188696	0.151355
219.925536	822.469714	30.000000	364.502732	0.187409	0.151355
224.344947	822.469726	70.000000	364.502727	0.186121	0.150067
226.124160	822.469888	70.000000	364.502655	0.183546	0.150067
229.940050	822.470154	20.000000	364.502537	0.184833	0.150067
228.258646	822.470203	20.000000	364.502516	0.184833	0.150067
228.129706	822.470293	0.000000	364.502476	0.184833	0.148779
224.580706	822.470315	20.000000	364.502466	0.184833	0.150067
227.360017	822.470321	0.000000	364.502463	0.184833	0.148779
225.581563	822.470291	30.000000	364.502477	0.184833	0.148779
230.512956	822.470423	0.000000	364.502418	0.184833	0.148779
226.251061	822.470495	10.000000	364.502386	0.184833	0.148779
228.856921	822.470894	0.000000	364.502209	0.184833	0.148779
230.838836	822.470921	20.000000	364.502198	0.184833	0.148779
234.086503	822.470900	30.000000	364.502207	0.184833	0.148779
222.923299	822.470958	0.000000	364.502181	0.184833	0.148779
239.737930	822.471025	0.000000	364.502151	0.184833	0.148779
232.433038	822.471082	30.000000	364.502126	0.186121	0.148779
226.730765	822.471108	0.000000	364.502115	0.186121	0.148779
228.569003	822.471137	20.000000	364.502102	0.186121	0.148779
228.611865	822.471251	0.000000	364.502051	0.186121	0.148779
229.633703	822.471501	0.000000	364.501940	0.186121	0.148779
231.506132	822.471594	0.000000	364.501899	0.186121	0.148779
236.847815	822.471608	10.000000	364.501893	0.186121	0.148779
231.587031	822.471265	20.000000	364.502045	0.186121	0.148779
227.042759	822.471155	40.000000	364.502094	0.186121	0.148779
230.175722	822.471186	20.000000	364.502080	0.186121	0.150067
224.676278	822.471077	0.000000	364.502128	0.186121	0.150067
230.479335	822.471073	0.000000	364.502130	0.186121	0.148779
230.980342	822.471065	10.000000	364.502133	0.184833	0.148779
226.702725	822.470985	0.000000	364.502169	0.184833	0.148779
230.784539	822.470881	0.000000	364.502215	0.186121	0.148779
230.617570	822.470843	10.000000	364.502232	0.186121	0.148779
226.757583	822.470670	10.000000	364.502309	0.186121	0.148779
229.163169	822.470466	10.000000	364.502399	0.184833	0.148779
229.896725	822.470443	0.000000	364.502409	0.184833	0.148779
236.677404	822.470447	0.000000	364.502408	0.186121	0.148779
229.980659	822.470374	10.000000	364.502440	0.184833	0.148779
229.161374	822.470342	0.000000	364.502454	0.184833	0.148779
235.100987	822.470259	20.000000	364.502491	0.184833	0.148779
228.817888	822.470232	0.000000	364.502503	0.184833	0.148779
223.228905	822.469883	10.000000	364.502657	0.184833	0.148779
228.654767	822.469730	0.000000	364.502725	0.184833	0.148779
224.699618	822.469595	40.000000	364.502785	0.184833	0.148779
231.335424	822.469760	20.000000	364.502712	0.184833	0.148779
226.605597	822.469690	20.000000	364.502743	0.184833	0.148779
221.206436	822.469605	100.000000	364.502781	0.184833	0.148779
224.118744	822.469538	150.000000	364.502810	0.184833	0.148779
221.948686	822.469605	90.000000	364.502781	0.184833	0.147492
225.028792	822.469480	160.000000	364.502836	0.184833	0.148779
221.248196	822.469151	230.000000	364.502982	0.184833	0.148779
222.808808	822.469073	440.000000	364.503016	0.184833	0.148779
220.666113	822.469026	420.000000	364.503037	0.184833	0.147492
223.248277	822.469035	550.000000	364.503033	0.184833	0.148779
224.799904	822.468996	880.000000	364.503050	0.184833	0.148779
223.851518	822.468927	700.000000	364.503081	0.184833	0.148779
223.827239	822.468806	740.000000	364.503135	0.184833	0.148779
217.865653	822.468852	900.000000	364.503114	0.184833	0.148779
216.662686	822.468596	940.000000	364.503228	0.184833	0.148779
218.600308	822.468421	690.000000	364.503305	0.186121	0.148779
223.702323	822.468473	460.000000	364.503282	0.184833	0.148779
227.868015	822.468405	580.000000	364.503313	0.184833	0.148779
215.846913	822.468357	520.000000	364.503334	0.186121	0.148779
216.833097	822.468226	340.000000	364.503392	0.184833	0.148779
216.289168	822.468137	280.000000	364.503431	0.184833	0.148779
216.606591	822.468124	240.000000	364.503437	0.184833	0.148779
222.429809	822.467908	140.000000	364.503533	0.184833	0.148779
215.038702	822.467919	50.000000	364.503528	0.186121	0.148779
214.908374	822.467776	30.000000	364.503591	0.184833	0.148779
216.929770	822.467724	40.000000	364.503614	0.184833	0.148779
213.731229	822.467631	30.000000	364.503656	0.186121	0.148779
219.052336	822.467547	0.000000	364.503693	0.184833	0.148779
218.142737	822.467462	0.000000	364.503730	0.183546	0.148779
209.171500	822.467585	0.000000	364.503676	0.180970	0.147492
202.073706	822.467621	0.000000	364.503660	0.179683	0.147492
195.797217	822.467602	20.000000	364.503668	0.178395	0.147492
196.794613	822.467755	10.000000	364.503601	0.179683	0.146204
200.548149	822.467804	10.000000	364.503579	0.179683	0.146204
204.659845	822.467938	50.000000	364.503519	0.179683	0.146204
201.138645	822.468023	100.000000	364.503482	0.180970	0.146204
205.867604	822.468086	120.000000	364.503454	0.179683	0.144916
204.922035	822.468124	80.000000	364.503437	0.180970	0.146204
203.726487	822.468218	170.000000	364.503395	0.179683	0.144916
205.562243	822.468303	220.000000	364.503358	0.179683	0.146204
208.039419	822.468343	350.000000	364.503340	0.179683	0.146204
204.185085	822.468460	380.000000	364.503288	0.179683	0.144916
204.056296	822.468485	490.000000	364.503277	0.179683	0.146204
206.745109	822.468684	500.000000	364.503189	0.179683	0.144916
206.713583	822.468797	750.000000	364.503139	0.179683	0.144916
200.514465	822.468885	730.000000	364.503100	0.179683	0.144916
201.397613	822.468900	720.000000	364.503093	0.178395	0.146204
204.556836	822.468912	900.000000	364.503088	0.179683	0.144916
202.073116	822.469068	610.000000	364.503019	0.178395	0.144916
203.702817	822.469076	630.000000	364.503015	0.179683	0.144916
200.878601	822.469121	720.000000	364.502995	0.179683	0.144916
204.536916	822.469332	560.000000	364.502902	0.179683	0.144916
205.570786	822.469496	480.000000	364.502829	0.179683	0.144916
206.033581	822.469549	320.000000	364.502805	0.179683	0.144916
206.405473	822.469562	160.000000	364.502800	0.179683	0.144916
208.482543	822.469596	140.000000	364.502785	0.179683	0.144916
201.655474	822.469711	130.000000	364.502734	0.179683	0.144916
209.358197	822.469548	100.000000	364.502806	0.179683	0.144916
207.575982	822.469879	40.000000	364.502659	0.179683	0.144916
208.733453	822.469885	10.000000	364.502657	0.179683	0.144916
207.807827	822.470226	20.000000	364.502506	0.179683	0.144916
207.702797	822.470261	10.000000	364.502490	0.179683	0.144916
214.867440	822.470296	20.000000	364.502474	0.179683	0.144916
207.508162	822.470313	0.000000	364.502467	0.179683	0.144916
207.084429	822.470388	10.000000	364.502434	0.179683	0.144916
207.206122	822.470280	10.000000	364.502482	0.179683	0.146204
206.344010	822.470351	0.000000	364.502450	0.179683	0.144916
205.625353	822.470559	0.000000	364.502358	0.179683	0.144916
207.859340	822.470653	20.000000	364.502316	0.180970	0.144916
212.920681	822.470815	0.000000	364.502244	0.180970	0.144916
209.886635	822.470952	10.000000	364.502184	0.179683	0.144916
208.688340	822.470983	0.000000	364.502170	0.180970	0.144916
205.366437	822.471029	20.000000	364.502150	0.179683	0.144916
207.229718	822.471074	40.000000	364.502129	0.180970	0.144916
214.959999	822.471103	0.000000	364.502117	0.180970	0.146204
207.979875	822.778036	10.000000	364.366141	0.180970	0.146204
213.501063	822.471539	0.000000	364.501924	0.180970	0.144916
211.162117	822.471603	0.000000	364.501895	0.180970	0.144916
211.087451	822.471586	60.000000	364.501903	0.180970	0.144916
211.545250	822.471414	10.000000	364.501979	0.180970	0.146204
209.268284	822.471538	0.000000	364.501924	0.179683	0.146204
207.556483	822.471406	20.000000	364.501982	0.180970	0.146204
214.292641	822.471190	10.000000	364.502078	0.180970	0.144916
211.781456	822.471104	10.000000	364.502116	0.179683	0.146204
212.065260	822.471024	0.000000	364.502152	0.180970	0.144916
212.651774	822.471021	20.000000	364.502153	0.180970	0.146204
210.338139	822.470963	20.000000	364.502179	0.180970	0.144916
212.036315	822.470906	0.000000	364.502204	0.180970	0.146204
207.227171	822.470801	20.000000	364.502251	0.180970	0.146204
209.327313	822.470537	20.000000	364.502368	0.179683	0.144916
209.346294	822.470385	0.000000	364.502435	0.179683	0.144916
210.665853	822.470379	10.000000	364.502438	0.179683	0.144916
209.371451	822.470377	10.000000	364.502438	0.179683	0.144916
213.281585	822.470350	0.000000	364.502450	0.179683	0.144916
209.621988	822.470303	30.000000	364.502471	0.179683	0.144916
211.629891	822.470269	10.000000	364.502486	0.179683	0.144916
211.958133	822.470239	0.000000	364.502499	0.179683	0.146204
207.676506	822.470020	30.000000	364.502597	0.179683	0.144916
206.456917	822.469782	0.000000	364.502702	0.179683	0.144916
210.040567	822.469523	10.000000	364.502817	0.179683	0.144916
207.025941	822.469731	40.000000	364.502725	0.179683	0.144916
207.660023	822.469639	70.000000	364.502765	0.179683	0.144916
209.849849	822.469625	90.000000	364.502772	0.179683	0.144916
200.855283	822.469552	120.000000	364.502804	0.179683	0.144916
207.340512	822.469552	140.000000	364.502804	0.179683	0.144916
206.916166	822.469324	130.000000	364.502905	0.179683	0.144916
206.693151	822.469034	370.000000	364.503034	0.179683	0.144916
205.487646	822.469031	300.000000	364.503035	0.179683	0.144916
205.985864	822.469059	600.000000	364.503022	0.179683	0.144916
206.493744	822.468952	670.000000	364.503070	0.179683	0.144916
202.908069	822.468971	730.000000	364.503062	0.179683	0.144916
207.448855	822.468812	730.000000	364.503132	0.179683	0.144916
208.032108	822.468817	820.000000	364.503130	0.179683	0.144916
202.566408	822.468676	720.000000	364.503192	0.179683	0.144916
205.793711	822.468511	640.000000	364.503265	0.179683	0.144916
196.200102	822.468470	550.000000	364.503284	0.179683	0.144916
200.805570	822.468473	730.000000	364.503282	0.180970	0.144916
200.913942	822.468390	700.000000	364.503319	0.179683	0.144916
201.575192	822.468175	470.000000	364.503415	0.179683	0.144916
199.301741	822.468223	330.000000	364.503393	0.179683	0.146204
192.676437	822.468140	290.000000	364.503430	0.179683	0.144916
167.265786	822.467947	320.000000	364.503516	0.178395	0.144916
152.041821	822.467910	120.000000	364.503532	0.178395	0.144916
143.549481	822.467813	70.000000	364.503575	0.177107	0.144916
144.226558	822.467799	50.000000	364.503581	0.178395	0.144916
142.850012	822.467716	10.000000	364.503618	0.177107	0.143629
142.200504	822.467674	20.000000	364.503636	0.178395	0.143629
144.672035	822.467514	50.000000	364.503707	0.178395	0.144916
140.927493	822.467337	20.000000	364.503786	0.178395	0.143629
140.712350	822.467614	10.000000	364.503663	0.178395	0.143629
145.015543	822.467611	20.000000	364.503664	0.178395	0.143629
143.180330	822.467686	20.000000	364.503631	0.178395	0.143629
145.321171	822.467807	10.000000	364.503578	0.178395	0.143629
141.035919	822.467827	30.000000	364.503569	0.178395	0.144916
145.507371	822.467869	40.000000	364.503550	0.178395	0.143629
143.711234	822.467921	100.000000	364.503527	0.178395	0.144916
141.597044	822.468075	60.000000	364.503459	0.178395	0.144916
144.477697	822.468121	130.000000	364.503438	0.178395	0.143629
144.790794	822.468183	290.000000	364.503411	0.178395	0.144916
145.731097	822.468270	240.000000	364.503372	0.178395	0.144916
141.968461	822.468400	290.000000	364.503315	0.178395	0.144916
144.037478	822.468408	440.000000	364.503311	0.178395	0.144916
144.530594	822.468491	440.000000	364.503274	0.178395	0.144916
144.949304	822.468648	500.000000	364.503205	0.177107	0.144916
145.745967	822.468741	640.000000	364.503164	0.178395	0.144916
146.872459	822.468875	840.000000	364.503104	0.178395	0.143629
142.447339	822.468927	740.000000	364.503081	0.178395	0.143629
145.804283	822.468904	770.000000	364.503091	0.178395	0.143629
142.000431	822.468971	870.000000	364.503062	0.178395	0.144916
145.176966	822.469041	670.000000	364.503030	0.178395	0.143629
141.437898	822.469125	650.000000	364.502994	0.177107	0.144916
147.169532	822.469171	610.000000	364.502973	0.178395	0.144916
145.158220	822.469361	410.000000	364.502889	0.178395	0.143629
148.705119	822.469474	270.000000	364.502839	0.178395	0.144916
146.332633	822.469573	240.000000	364.502795	0.178395	0.143629
150.359857	822.469618	200.000000	364.502775	0.178395	0.144916
153.355051	822.469659	70.000000	364.502757	0.178395	0.144916
141.358240	822.469732	80.000000	364.502725	0.177107	0.144916
123.224417	822.469753	50.000000	364.502715	0.175820	0.143629
100.876975	822.469834	40.000000	364.502679	0.174532	0.143629
92.489817	-3.000000	30.000000	-99930.819333	0.175820	0.143629
93.930306	822.470183	10.000000	364.502524	0.174532	0.143629
95.099346	822.470232	30.000000	364.502503	0.174532	0.143629
94.356729	822.470305	10.000000	364.502470	0.174532	0.142341
94.144759	822.470424	0.000000	364.502418	0.175820	0.142341
96.783750	822.470433	0.000000	364.502414	0.175820	0.143629
94.444997	822.470427	0.000000	364.502416	0.174532	0.143629
90.529881	-3.000000	10.000000	-99930.819333	0.175820	0.143629
92.425243	-3.000000	10.000000	-99930.819333	0.175820	0.142341
95.403994	-3.000000	10.000000	-99930.819333	0.175820	0.142341
94.089144	-3.000000	10.000000	-99930.819333	0.175820	0.142341
94.027618	822.470977	10.000000	364.502173	0.175820	0.143629
97.076966	822.471002	0.000000	364.502162	0.175820	0.143629
94.598546	-3.000000	10.000000	-99930.819333	0.175820	0.142341
96.268543	822.471164	0.000000	364.502090	0.175820	0.142341
96.463714	822.471181	0.000000	364.502082	0.177107	0.143629
92.634636	822.471224	20.000000	364.502063	0.175820	0.142341
94.176327	-3.000000	0.000000	-99930.819333	0.175820	0.143629
97.437395	822.471570	0.000000	364.501910	0.177107	0.142341
96.006822	822.471409	10.000000	364.501981	0.175820	0.142341
92.568355	-3.000000	0.000000	-99930.819333	0.175820	0.143629
97.388878	822.471197	0.000000	364.502075	0.175820	0.143629
99.250963	822.471169	10.000000	364.502088	0.175820	0.143629
94.508263	822.471162	0.000000	364.502091	0.175820	0.143629
94.671794	822.471071	0.000000	364.502131	0.175820	0.143629
94.913653	822.471054	20.000000	364.502139	0.175820	0.143629
93.805412	822.470922	20.000000	364.502197	0.175820	0.142341
93.348566	-3.000000	10.000000	-99930.819333	0.175820	0.143629
94.840402	822.470658	0.000000	364.502314	0.175820	0.142341
93.267069	-3.000000	10.000000	-99930.819333	0.175820	0.143629
94.395111	-3.000000	0.000000	-99930.819333	0.175820	0.142341
94.886899	822.470456	20.000000	364.502404	0.175820	0.142341
91.844153	-3.000000	0.000000	-99930.819333	0.175820	0.142341
92.131390	822.470337	0.000000	364.502456	0.175820	0.142341
94.544068	822.470282	0.000000	364.502481	0.174532	0.142341
94.133445	822.470225	0.000000	364.502506	0.175820	0.142341
94.375564	822.470124	0.000000	364.502551	0.175820	0.143629
95.620636	-3.000000	40.000000	-99930.819333	0.174532	0.142341
90.295400	-3.000000	0.000000	-99930.819333	0.174532	0.142341
96.717186	-3.000000	50.000000	-99930.819333	0.174532	0.142341
93.988520	822.469613	40.000000	364.502777	0.175820	0.142341
92.188556	822.469607	50.000000	364.502780	0.174532	0.142341
92.780499	-3.000000	40.000000	-99930.819333	0.174532	0.142341
92.914852	822.469560	110.000000	364.502801	0.174532	0.142341
89.974654	822.469444	150.000000	364.502852	0.174532	0.142341
94.735378	822.469374	230.000000	364.502883	0.174532	0.142341
95.161678	822.469142	290.000000	364.502986	0.174532	0.142341
89.717227	-3.000000	590.000000	-99930.819333	0.174532	0.141054
91.275809	-3.000000	660.000000	-99930.819333	0.174532	0.142341
91.130294	822.468965	700.000000	364.503064	0.174532	0.142341
93.112690	822.468978	800.000000	364.503059	0.174532	0.142341
91.543921	-3.000000	570.000000	-99930.819333	0.174532	0.142341
92.046808	-3.000000	860.000000	-99930.819333	0.174532	0.142341
89.340674	-3.000000	920.000000	-99930.819333	0.174532	0.142341
92.468278	-3.000000	660.000000	-99930.819333	0.174532	0.141054
90.724015	-3.000000	660.000000	-99930.819333	0.174532	0.142341
91.437241	822.468378	410.000000	364.503324	0.174532	0.142341
91.416579	-3.000000	380.000000	-99930.819333	0.174532	0.142341
90.883281	822.468220	410.000000	364.503394	0.174532	0.142341
89.538001	822.468110	200.000000	364.503443	0.174532	0.142341
90.072872	822.467951	240.000000	364.503514	0.174532	0.142341
91.709724	822.467983	140.000000	364.503500	0.174532	0.142341
93.562541	822.467807	60.000000	364.503577	0.174532	0.142341
88.532728	822.467826	40.000000	364.503569	0.174532	0.142341
87.551516	-3.000000	50.000000	-99930.819333	0.174532	0.142341
88.213277	-3.000000	10.000000	-99930.819333	0.174532	0.142341
88.327729	822.467672	10.000000	364.503637	0.174532	0.142341
88.957907	-3.000000	10.000000	-99930.819333	0.174532	0.142341
87.308672	-3.000000	10.000000	-99930.819333	0.174532	0.142341
90.843217	-3.000000	0.000000	-99930.819333	0.174532	0.142341
88.658614	-3.000000	0.000000	-99930.819333	0.174532	0.142341
88.671954	-3.000000	10.000000	-99930.819333	0.174532	0.142341
92.080312	-3.000000	0.000000	-99930.819333	0.174532	0.142341
89.197194	-3.000000	30.000000	-99930.819333	0.174532	0.142341
88.420254	822.467925	30.000000	364.503525	0.174532	0.142341
89.052679	822.467937	60.000000	364.503520	0.174532	0.142341
89.043871	822.467902	100.000000	364.503535	0.174532	0.142341
92.641504	822.468101	80.000000	364.503447	0.174532	0.142341
90.540124	822.468157	160.000000	364.503422	0.174532	0.142341
91.546652	822.468311	160.000000	364.503354	0.174532	0.142341
92.834726	822.468359	260.000000	364.503333	0.174532	0.142341
90.354382	822.468364	370.000000	364.503331	0.174532	0.142341
91.144439	822.468429	510.000000	364.503302	0.174532	0.142341
89.407524	-3.000000	290.000000	-99930.819333	0.174532	0.142341
93.138539	-3.000000	700.000000	-99930.819333	0.174532	0.142341
93.047766	822.468817	830.000000	364.503130	0.174532	0.142341
92.641185	822.468873	950.000000	364.503105	0.174532	0.142341
92.535406	822.468936	780.000000	364.503077	0.174532	0.142341
94.067640	822.469021	730.000000	364.503039	0.175820	0.142341
96.108359	822.469087	620.000000	364.503010	0.174532	0.142341
91.372150	822.469078	700.000000	364.503014	0.174532	0.142341
91.652035	-3.000000	550.000000	-99930.819333	0.174532	0.142341
93.454498	822.469479	440.000000	364.502836	0.175820	0.142341
93.350275	822.469346	310.000000	364.502896	0.175820	0.142341
96.378719	822.469593	260.000000	364.502786	0.175820	0.142341
98.654395	822.469654	120.000000	364.502759	0.174532	0.142341
92.091881	-3.000000	60.000000	-99930.819333	0.175820	0.142341
92.446952	822.469685	100.000000	364.502745	0.174532	0.142341
94.763596	822.469669	50.000000	364.502752	0.174532	0.142341
93.331169	-3.000000	70.000000	-99930.819333	0.174532	0.142341
94.588511	-3.000000	60.000000	-99930.819333	0.175820	0.142341
98.094670	822.470218	50.000000	364.502509	0.174532	0.142341
91.224560	-3.000000	50.000000	-99930.819333	0.175820	0.142341
93.090552	822.470336	0.000000	364.502457	0.175820	0.142341
91.935821	822.470397	20.000000	364.502430	0.175820	0.143629
94.818599	822.470329	10.000000	364.502460	0.175820	0.142341
94.827906	-3.000000	10.000000	-99930.819333	0.175820	0.142341
93.099173	-3.000000	10.000000	-99930.819333	0.175820	0.142341
92.992420	-3.000000	0.000000	-99930.819333	0.175820	0.143629
90.899215	-3.000000	10.000000	-99930.819333	0.175820	0.143629
95.091660	822.470891	20.000000	364.502211	0.175820	0.142341
92.147684	-3.000000	0.000000	-99930.819333	0.175820	0.142341
93.986657	822.471022	10.000000	364.502153	0.175820	0.142341
93.161468	-3.000000	0.000000	-99930.819333	0.175820	0.143629
94.691802	-3.000000	10.000000	-99930.819333	0.175820	0.143629
93.330331	-3.000000	50.000000	-99930.819333	0.175820	0.143629
91.400946	-3.000000	0.000000	-99930.819333	0.175820	0.143629
92.540381	-3.000000	0.000000	-99930.819333	0.175820	0.143629
93.605142	822.471483	0.000000	364.501948	0.175820	0.143629
90.191875	-3.000000	30.000000	-99930.819333	0.175820	0.143629
94.126096	822.471285	20.000000	364.502036	0.175820	0.143629
92.091128	-3.000000	10.000000	-99930.819333	0.175820	0.143629
93.481224	-3.000000	10.000000	-99930.819333	0.175820	0.142341
93.920689	822.471073	0.000000	364.502130	0.175820	0.143629
96.768823	822.471058	10.000000	364.502136	0.175820	0.143629
90.772766	-3.000000	0.000000	-99930.819333	0.175820	0.143629
99.406893	822.471014	0.000000	364.502156	0.175820	0.142341
95.071561	-3.000000	0.000000	-99930.819333	0.175820	0.143629
91.970582	-3.000000	40.000000	-99930.819333	0.174532	0.143629
94.413147	822.470486	0.000000	364.502390	0.174532	0.142341
94.020508	822.470494	0.000000	364.502386	0.175820	0.143629
94.907660	822.470466	10.000000	364.502399	0.175820	0.143629
95.138028	822.470376	10.000000	364.502439	0.175820	0.143629
91.005596	-3.000000	20.000000	-99930.819333	0.175820	0.142341
93.649753	822.470282	20.000000	364.502480	0.174532	0.143629
94.562724	822.470251	10.000000	364.502494	0.174532	0.142341
94.818712	822.470124	0.000000	364.502551	0.175820	0.142341
91.482813	-3.000000	40.000000	-99930.819333	0.175820	0.142341
93.380225	-3.000000	50.000000	-99930.819333	0.174532	0.142341
93.649651	-3.000000	40.000000	-99930.819333	0.174532	0.142341
91.290118	822.469676	70.000000	364.502749	0.174532	0.143629
95.852420	822.469654	120.000000	364.502759	0.175820	0.142341
93.292376	822.469623	60.000000	364.502773	0.174532	0.142341
95.062484	822.469519	80.000000	364.502819	0.174532	0.142341
94.800587	-3.000000	170.000000	-99930.819333	0.174532	0.142341
93.449152	822.469163	390.000000	364.502977	0.174532	0.142341
90.232942	822.469110	510.000000	364.503000	0.174532	0.142341
93.526197	822.469086	600.000000	364.503011	0.174532	0.143629
91.310599	822.469085	640.000000	364.503011	0.174532	0.142341
91.794630	822.468965	730.000000	364.503064	0.174532	0.142341
91.748003	-3.000000	710.000000	-99930.819333	0.174532	0.142341
92.561268	822.468859	820.000000	364.503111	0.174532	0.142341
91.664355	-3.000000	790.000000	-99930.819333	0.174532	0.142341
93.167405	-3.000000	730.000000	-99930.819333	0.174532	0.142341
88.499383	822.468542	540.000000	364.503252	0.174532	0.142341
91.643072	822.468438	640.000000	364.503298	0.174532	0.142341
88.013272	822.468329	640.000000	364.503346	0.174532	0.142341
89.450196	822.468301	380.000000	364.503358	0.174532	0.142341
89.488177	822.468156	350.000000	364.503423	0.174532	0.142341
87.987245	822.468101	370.000000	364.503447	0.174532	0.142341
91.305597	822.467976	230.000000	364.503502	0.174532	0.142341
91.201345	822.467933	90.000000	364.503521	0.174532	0.142341
91.725311	822.467889	70.000000	364.503541	0.174532	0.142341
92.386691	822.467748	80.000000	364.503604	0.174532	0.142341
89.518195	-3.000000	20.000000	-99930.819333	0.174532	0.142341
90.974923	-3.000000	30.000000	-99930.819333	0.174532	0.142341
90.054554	-3.000000	20.000000	-99930.819333	0.174532	0.142341
91.886342	822.467465	0.000000	364.503729	0.174532	0.142341
86.745730	-3.000000	40.000000	-99930.819333	0.174532	0.142341
90.263278	-3.000000	0.000000	-99930.819333	0.174532	0.142341
89.925734	-3.000000	0.000000	-99930.819333	0.174532	0.143629
90.202864	822.467697	10.000000	364.503626	0.174532	0.142341
92.769991	822.467742	0.000000	364.503606	0.174532	0.142341
88.706037	-3.000000	50.000000	-99930.819333	0.174532	0.143629
88.658333	-3.000000	40.000000	-99930.819333	0.174532	0.143629
90.284916	822.467849	40.000000	364.503559	0.174532	0.142341
89.624446	822.467998	20.000000	364.503493	0.174532	0.143629
90.856851	822.468000	100.000000	364.503492	0.174532	0.142341
88.864655	822.468169	70.000000	364.503417	0.174532	0.142341
89.930960	822.468258	210.000000	364.503378	0.174532	0.142341
92.274615	822.468291	350.000000	364.503363	0.174532	0.142341
87.656151	822.468330	290.000000	364.503346	0.174532	0.142341
90.525836	-3.000000	340.000000	-99930.819333	0.174532	0.142341
88.421576	-3.000000	670.000000	-99930.819333	0.174532	0.142341
92.687811	822.468574	640.000000	364.503238	0.174532	0.143629
91.179111	-3.000000	830.000000	-99930.819333	0.174532	0.142341
91.086365	822.468871	880.000000	364.503106	0.174532	0.142341
91.803152	822.468911	960.000000	364.503088	0.174532	0.142341
92.878522	-3.000000	800.000000	-99930.819333	0.174532	0.143629
94.080184	822.469103	840.000000	364.503003	0.174532	0.142341
93.741884	822.469122	640.000000	364.502995	0.174532	0.142341
88.018300	-3.000000	560.000000	-99930.819333	0.174532	0.142341
90.063450	-3.000000	610.000000	-99930.819333	0.174532	0.142341
90.586136	-3.000000	460.000000	-99930.819333	0.174532	0.142341
93.873909	822.469646	240.000000	364.502763	0.174532	0.142341
93.984948	822.469668	110.000000	364.502753	0.174532	0.143629
94.058336	-3.000000	90.000000	-99930.819333	0.174532	0.142341
95.788733	822.469695	30.000000	364.502741	0.175820	0.143629
91.028632	-3.000000	40.000000	-99930.819333	0.174532	0.143629
92.060132	-3.000000	60.000000	-99930.819333	0.174532	0.143629
93.530895	-3.000000	40.000000	-99930.819333	0.175820	0.143629
91.871499	822.470233	10.000000	364.502502	0.175820	0.142341
91.191900	822.470238	20.000000	364.502500	0.174532	0.143629
90.622942	-3.000000	0.000000	-99930.819333	0.174532	0.143629
93.926151	822.470406	0.000000	364.502426	0.174532	0.143629
92.650396	822.470471	0.000000	364.502397	0.174532	0.143629
92.205382	822.470483	0.000000	364.502392	0.175820	0.143629
95.204259	822.470459	0.000000	364.502402	0.175820	0.143629
93.923565	822.470479	0.000000	364.502393	0.175820	0.143629
90.985828	-3.000000	10.000000	-99930.819333	0.175820	0.143629
93.700459	822.470998	10.000000	364.502163	0.175820	0.143629
100.705592	822.471044	0.000000	364.502143	0.175820	0.143629
96.846304	822.471060	0.000000	364.502136	0.175820	0.143629
97.199873	822.471062	0.000000	364.502135	0.175820	0.143629
92.287954	-3.000000	10.000000	-99930.819333	0.175820	0.143629
92.196407	-3.000000	0.000000	-99930.819333	0.175820	0.143629
98.003126	822.471298	10.000000	364.502030	0.175820	0.143629
94.711396	-3.000000	30.000000	-99930.819333	0.175820	0.143629
92.458269	-3.000000	0.000000	-99930.819333	0.175820	0.143629
92.018293	-3.000000	30.000000	-99930.819333	0.177107	0.143629
91.687724	-3.000000	0.000000	-99930.819333	0.175820	0.143629
92.255664	-3.000000	0.000000	-99930.819333	0.175820	0.143629
91.545161	-3.000000	0.000000	-99930.819333	0.175820	0.143629
94.980884	-3.000000	10.000000	-99930.819333	0.175820	0.143629
96.655012	822.471048	0.000000	364.502141	0.175820	0.143629
92.893369	-3.000000	10.000000	-99930.819333	0.175820	0.143629
92.839090	822.470964	0.000000	364.502178	0.175820	0.143629
95.604429	-3.000000	0.000000	-99930.819333	0.174532	0.143629
91.519121	-3.000000	10.000000	-99930.819333	0.174532	0.143629
91.996221	822.470503	10.000000	364.502383	0.174532	0.143629
91.560918	822.470511	10.000000	364.502379	0.174532	0.144916
95.899225	822.470449	10.000000	364.502407	0.175820	0.143629
90.980218	822.470401	0.000000	364.502428	0.175820	0.143629
94.996429	822.470313	0.000000	364.502467	0.174532	0.143629
93.442054	822.470270	0.000000	364.502486	0.174532	0.143629
90.146032	822.470236	20.000000	364.502501	0.174532	0.143629
90.967974	-3.000000	0.000000	-99930.819333	0.174532	0.143629
92.452362	822.469912	20.000000	364.502644	0.174532	0.143629
94.610260	-3.000000	40.000000	-99930.819333	0.174532	0.143629
93.534119	-3.000000	10.000000	-99930.819333	0.174532	0.143629
94.306948	-3.000000	10.000000	-99930.819333	0.174532	0.143629
95.032249	822.469573	170.000000	364.502795	0.174532	0.143629
90.672649	-3.000000	100.000000	-99930.819333	0.174532	0.143629
94.971600	822.469550	100.000000	364.502805	0.174532	0.142341
92.552220	-3.000000	190.000000	-99930.819333	0.174532	0.142341
93.865015	-3.000000	240.000000	-99930.819333	0.174532	0.142341
91.708786	-3.000000	440.000000	-99930.819333	0.174532	0.142341
91.378766	822.469075	510.000000	364.503016	0.174532	0.143629
92.358197	822.469004	750.000000	364.503047	0.174532	0.143629
90.514266	822.468984	670.000000	364.503056	0.174532	0.143629
93.644765	822.468902	770.000000	364.503092	0.174532	0.142341
92.290279	822.468838	780.000000	364.503121	0.174532	0.143629
92.770727	822.468752	980.000000	364.503159	0.174532	0.142341
93.373282	-3.000000	790.000000	-99930.819333	0.174532	0.142341
92.464242	-3.000000	800.000000	-99930.819333	0.174532	0.143629
93.273897	822.468494	420.000000	364.503273	0.174532	0.143629
91.787674	822.468393	490.000000	364.503318	0.174532	0.143629
90.877848	822.468239	510.000000	364.503386	0.174532	0.143629
88.996767	822.468224	420.000000	364.503393	0.174532	0.142341
88.419199	822.468128	260.000000	364.503435	0.174532	0.143629
89.800677	822.468017	140.000000	364.503484	0.174532	0.143629
90.927188	822.467962	150.000000	364.503509	0.174532	0.142341
92.782102	822.467869	90.000000	364.503550	0.173244	0.142341
89.206695	-3.000000	90.000000	-99930.819333	0.174532	0.142341
92.678361	822.467772	60.000000	364.503593	0.174532	0.142341
91.114820	-3.000000	30.000000	-99930.819333	0.174532	0.142341
89.441304	-3.000000	10.000000	-99930.819333	0.174532	0.142341
87.829676	-3.000000	10.000000	-99930.819333	0.173244	0.142341
90.273040	822.467384	10.000000	364.503765	0.174532	0.143629
94.644574	822.467444	0.000000	364.503738	0.174532	0.143629
101.052497	822.467528	0.000000	364.503701	0.175820	0.143629
104.217894	822.467691	10.000000	364.503629	0.175820	0.142341
102.982391	822.467705	10.000000	364.503623	0.175820	0.143629
103.628288	822.467814	0.000000	364.503574	0.175820	0.143629
107.414070	822.467842	70.000000	364.503562	0.175820	0.143629
105.339809	822.467851	30.000000	364.503558	0.175820	0.143629
106.094635	822.468024	60.000000	364.503481	0.175820	0.143629
103.386289	822.468097	110.000000	364.503449	0.175820	0.143629
104.352530	822.468207	100.000000	364.503400	0.175820	0.143629
110.729156	822.468243	280.000000	364.503384	0.175820	0.143629
127.355757	822.468312	270.000000	364.503353	0.177107	0.143629
140.705955	822.468390	340.000000	364.503319	0.178395	0.143629
141.378638	822.468384	470.000000	364.503322	0.178395	0.143629
139.330696	822.468578	490.000000	364.503236	0.177107	0.144916
141.480979	822.468612	600.000000	364.503221	0.177107	0.143629
143.359215	822.468690	600.000000	364.503186	0.177107	0.143629
143.479369	822.468836	700.000000	364.503121	0.177107	0.143629
142.449645	822.468975	720.000000	364.503060	0.177107	0.143629
138.504127	822.468925	830.000000	364.503082	0.177107	0.144916
143.878338	822.468997	820.000000	364.503050	0.177107	0.144916
140.995663	822.469074	670.000000	364.503016	0.177107	0.143629
141.451700	822.469195	620.000000	364.502962	0.177107	0.144916
144.351135	822.469287	540.000000	364.502921	0.178395	0.143629
146.836412	822.469498	390.000000	364.502828	0.177107	0.144916
155.526668	822.469570	180.000000	364.502796	0.177107	0.143629
166.087340	822.469569	140.000000	364.502796	0.178395	0.144916
181.056058	822.469613	180.000000	364.502777	0.179683	0.144916
194.774370	822.469659	160.000000	364.502757	0.179683	0.144916
198.193189	822.469678	60.000000	364.502748	0.179683	0.144916
200.572970	822.469699	50.000000	364.502739	0.179683	0.144916
197.520365	822.470024	70.000000	364.502595	0.178395	0.144916
202.959078	822.470186	10.000000	364.502523	0.178395	0.144916
205.496616	822.470219	0.000000	364.502509	0.178395	0.144916
191.664961	822.470266	10.000000	364.502488	0.179683	0.144916
188.474959	822.470274	10.000000	364.502484	0.179683	0.144916
186.512953	822.470305	30.000000	364.502470	0.179683	0.144916
183.139939	822.470259	10.000000	364.502491	0.179683	0.144916
187.204821	822.469266	10.000000	364.502931	0.179683	0.144916
187.610929	822.470487	10.000000	364.502390	0.179683	0.144916
186.920198	822.470047	0.000000	364.502585	0.179683	0.144916
188.154986	822.470938	0.000000	364.502190	0.178395	0.144916
188.193254	822.470917	10.000000	364.502199	0.179683	0.144916
188.954717	822.471008	0.000000	364.502159	0.179683	0.144916
188.434816	822.470913	0.000000	364.502201	0.179683	0.144916
191.586730	822.471108	10.000000	364.502114	0.179683	0.144916
187.103479	822.471196	10.000000	364.502075	0.179683	0.144916
184.763159	822.471104	0.000000	364.502116	0.179683	0.144916
188.794521	822.471477	0.000000	364.501951	0.179683	0.144916
189.091375	822.471596	0.000000	364.501898	0.179683	0.144916
189.622229	822.471412	10.000000	364.501980	0.179683	0.144916
183.954390	822.471221	0.000000	364.502065	0.179683	0.144916
184.940387	822.471055	20.000000	364.502138	0.179683	0.144916
186.243956	822.470938	10.000000	364.502190	0.179683	0.144916
183.689480	822.471017	20.000000	364.502155	0.179683	0.144916
194.477093	822.470914	20.000000	364.502200	0.179683	0.144916
183.644700	822.470967	20.000000	364.502177	0.179683	0.144916
185.818523	822.470876	20.000000	364.502217	0.179683	0.144916
186.473006	822.470822	10.000000	364.502241	0.179683	0.144916
189.960872	822.470871	20.000000	364.502219	0.179683	0.144916
187.227309	822.470297	30.000000	364.502474	0.179683	0.146204
184.649899	822.470397	30.000000	364.502430	0.179683	0.144916
186.799832	822.470352	0.000000	364.502450	0.178395	0.144916
187.886988	822.470308	0.000000	364.502469	0.179683	0.144916
191.719804	822.470310	10.000000	364.502468	0.178395	0.144916
184.303451	822.470208	10.000000	364.502514	0.178395	0.144916
187.393485	822.470134	0.000000	364.502546	0.178395	0.144916
187.917304	822.470175	0.000000	364.502528	0.179683	0.144916
184.985008	822.469764	0.000000	364.502710	0.178395	0.144916
184.527757	822.469680	30.000000	364.502747	0.178395	0.144916
183.717597	822.469655	30.000000	364.502759	0.178395	0.144916
181.492069	822.469679	70.000000	364.502748	0.178395	0.144916
187.538547	822.469641	100.000000	364.502765	0.179683	0.144916
184.242828	822.469537	110.000000	364.502811	0.178395	0.144916
184.351322	822.469435	110.000000	364.502856	0.178395	0.144916
181.032103	822.469442	170.000000	364.502853	0.178395	0.144916
188.542241	822.469380	270.000000	364.502880	0.178395	0.144916
184.611586	822.469059	360.000000	364.503023	0.179683	0.144916
183.965932	822.468908	380.000000	364.503089	0.179683	0.144916
181.167439	822.468944	610.000000	364.503073	0.178395	0.144916
178.531876	822.468896	700.000000	364.503095	0.178395	0.144916
180.213578	822.468883	770.000000	364.503100	0.179683	0.144916
179.833297	822.468781	790.000000	364.503146	0.179683	0.144916
176.657774	822.468795	940.000000	364.503140	0.179683	0.144916
181.438965	822.468676	770.000000	364.503192	0.178395	0.144916
180.499931	822.468525	660.000000	364.503259	0.179683	0.144916
175.927548	822.468329	630.000000	364.503346	0.178395	0.144916
181.196463	822.468303	580.000000	364.503357	0.179683	0.144916
177.093839	822.468300	520.000000	364.503359	0.179683	0.144916
179.961972	822.468121	420.000000	364.503438	0.179683	0.144916
176.567048	822.468092	130.000000	364.503451	0.178395	0.144916
178.992968	822.468016	220.000000	364.503485	0.179683	0.144916
177.859139	822.467934	130.000000	364.503521	0.179683	0.144916
176.406340	822.467894	80.000000	364.503539	0.179683	0.144916
176.771873	822.467772	50.000000	364.503593	0.179683	0.144916
176.947128	822.467711	40.000000	364.503620	0.179683	0.144916
176.787587	822.467659	0.000000	364.503643	0.179683	0.144916
170.590053	822.467570	10.000000	364.503683	0.179683	0.144916
155.705767	822.467526	20.000000	364.503702	0.179683	0.144916
126.655698	822.467275	0.000000	364.503813	0.178395	0.144916
100.265211	822.467420	10.000000	364.503749	0.178395	0.144916
84.060205	-3.000000	10.000000	-99930.819333	0.178395	0.144916
88.252930	-3.000000	20.000000	-99930.819333	0.178395	0.144916
87.066304	-3.000000	0.000000	-99930.819333	0.178395	0.144916
86.459314	-3.000000	40.000000	-99930.819333	0.178395	0.144916
85.169621	-3.000000	40.000000	-99930.819333	0.178395	0.144916
88.782490	-3.000000	40.000000	-99930.819333	0.178395	0.144916
88.771461	822.468171	100.000000	364.503416	0.177107	0.144916
93.692637	822.468190	150.000000	364.503408	0.178395	0.144916
132.360132	822.468212	270.000000	364.503398	0.178395	0.144916
139.001463	822.468169	360.000000	364.503417	0.179683	0.144916
138.658516	822.468332	220.000000	364.503345	0.179683	0.144916
142.459026	822.468425	370.000000	364.503304	0.178395	0.144916
136.577498	822.468385	440.000000	364.503322	0.179683	0.144916
142.935231	822.468579	400.000000	364.503235	0.178395	0.144916
141.859087	822.468691	660.000000	364.503186	0.178395	0.144916
142.614246	822.468810	590.000000	364.503133	0.179683	0.144916
148.113675	822.468874	710.000000	364.503105	0.178395	0.144916
144.472584	822.468878	800.000000	364.503103	0.178395	0.144916
145.169338	822.468822	800.000000	364.503127	0.178395	0.144916
150.133993	822.469014	580.000000	364.503042	0.178395	0.144916
145.601869	822.468935	680.000000	364.503078	0.178395	0.144916
146.442333	822.469026	510.000000	364.503037	0.178395	0.144916
149.863692	822.469471	440.000000	364.502840	0.178395	0.144916
148.136380	822.469487	270.000000	364.502833	0.178395	0.144916
148.964941	822.469490	190.000000	364.502831	0.178395	0.144916
153.044661	822.469586	180.000000	364.502789	0.178395	0.143629
144.412115	822.469634	230.000000	364.502768	0.178395	0.144916
124.619526	822.469632	140.000000	364.502769	0.177107	0.144916
83.562304	-3.000000	40.000000	-99930.819333	0.175820	0.144916
72.358577	-3.000000	100.000000	-99930.819333	0.177107	0.143629
73.148127	-3.000000	20.000000	-99930.819333	0.177107	0.143629
70.720102	-3.000000	0.000000	-99930.819333	0.177107	0.143629
72.530164	-3.000000	20.000000	-99930.819333	0.177107	0.143629
73.412940	-3.000000	20.000000	-99930.819333	0.177107	0.143629
72.561226	-3.000000	10.000000	-99930.819333	0.177107	0.143629
71.668602	-3.000000	0.000000	-99930.819333	0.177107	0.143629
73.442971	-3.000000	0.000000	-99930.819333	0.177107	0.143629
76.199820	-3.000000	10.000000	-99930.819333	0.177107	0.143629
76.432252	-3.000000	10.000000	-99930.819333	0.177107	0.143629
75.003003	-3.000000	0.000000	-99930.819333	0.177107	0.143629
73.141708	-3.000000	10.000000	-99930.819333	0.177107	0.143629
79.333908	-3.000000	0.000000	-99930.819333	0.177107	0.143629
74.223865	-3.000000	10.000000	-99930.819333	0.177107	0.143629
75.530579	-3.000000	0.000000	-99930.819333	0.177107	0.144916
76.912272	-3.000000	20.000000	-99930.819333	0.177107	0.143629
74.969781	-3.000000	10.000000	-99930.819333	0.177107	0.143629
76.846191	-3.000000	0.000000	-99930.819333	0.178395	0.144916
74.300375	-3.000000	0.000000	-99930.819333	0.177107	0.144916
77.521028	-3.000000	0.000000	-99930.819333	0.177107	0.144916
77.461020	-3.000000	10.000000	-99930.819333	0.177107	0.144916
75.588799	-3.000000	0.000000	-99930.819333	0.178395	0.144916
74.740369	-3.000000	50.000000	-99930.819333	0.177107	0.144916
76.906836	-3.000000	0.000000	-99930.819333	0.177107	0.144916
73.518192	-3.000000	0.000000	-99930.819333	0.177107	0.144916
76.982546	-3.000000	10.000000	-99930.819333	0.177107	0.144916
73.174624	-3.000000	30.000000	-99930.819333	0.177107	0.144916
77.266537	-3.000000	0.000000	-99930.819333	0.177107	0.144916
75.381143	-3.000000	10.000000	-99930.819333	0.177107	0.144916
75.111892	-3.000000	20.000000	-99930.819333	0.177107	0.144916
72.831002	-3.000000	0.000000	-99930.819333	0.177107	0.144916
73.499637	-3.000000	0.000000	-99930.819333	0.177107	0.144916
72.190313	-3.000000	0.000000	-99930.819333	0.175820	0.144916
74.369707	-3.000000	0.000000	-99930.819333	0.177107	0.144916
75.769940	-3.000000	0.000000	-99930.819333	0.177107	0.143629
74.609947	-3.000000	0.000000	-99930.819333	0.177107	0.144916
74.559509	-3.000000	0.000000	-99930.819333	0.177107	0.143629
74.560866	-3.000000	10.000000	-99930.819333	0.177107	0.144916
75.079614	-3.000000	0.000000	-99930.819333	0.177107	0.144916
75.361300	-3.000000	0.000000	-99930.819333	0.177107	0.144916
74.174650	-3.000000	10.000000	-99930.819333	0.177107	0.143629
73.843138	-3.000000	40.000000	-99930.819333	0.175820	0.144916
71.759843	-3.000000	50.000000	-99930.819333	0.177107	0.144916
72.553143	-3.000000	90.000000	-99930.819333	0.177107	0.143629
71.050329	-3.000000	90.000000	-99930.819333	0.175820	0.144916
71.451909	-3.000000	110.000000	-99930.819333	0.177107	0.143629
74.343505	-3.000000	190.000000	-99930.819333	0.177107	0.144916
70.936193	-3.000000	340.000000	-99930.819333	0.177107	0.143629
71.863646	-3.000000	470.000000	-99930.819333	0.177107	0.143629
70.739859	-3.000000	350.000000	-99930.819333	0.177107	0.144916
69.929014	-3.000000	560.000000	-99930.819333	0.177107	0.144916
72.290825	-3.000000	680.000000	-99930.819333	0.177107	0.144916
72.758768	-3.000000	750.000000	-99930.819333	0.177107	0.143629
71.952399	-3.000000	920.000000	-99930.819333	0.177107	0.144916
68.910055	-3.000000	810.000000	-99930.819333	0.177107	0.144916
71.537889	-3.000000	860.000000	-99930.819333	0.177107	0.144916
70.231421	-3.000000	540.000000	-99930.819333	0.177107	0.144916
70.892491	-3.000000	430.000000	-99930.819333	0.177107	0.144916
68.267981	-3.000000	310.000000	-99930.819333	0.177107	0.144916
71.528626	-3.000000	210.000000	-99930.819333	0.178395	0.144916
72.053513	-3.000000	210.000000	-99930.819333	0.178395	0.144916
72.980540	-3.000000	240.000000	-99930.819333	0.178395	0.144916
70.830789	-3.000000	180.000000	-99930.819333	0.178395	0.144916
71.594876	-3.000000	170.000000	-99930.819333	0.177107	0.144916
70.931978	-3.000000	210.000000	-99930.819333	0.178395	0.144916
68.651231	-3.000000	50.000000	-99930.819333	0.178395	0.144916
71.856574	-3.000000	10.000000	-99930.819333	0.178395	0.144916
71.622535	-3.000000	40.000000	-99930.819333	0.178395	0.146204
71.773108	-3.000000	10.000000	-99930.819333	0.178395	0.144916
72.942519	-3.000000	10.000000	-99930.819333	0.178395	0.144916
69.734651	-3.000000	30.000000	-99930.819333	0.177107	0.146204
70.913430	-3.000000	30.000000	-99930.819333	0.178395	0.144916
64.835444	-3.000000	10.000000	-99930.819333	0.177107	0.144916
58.099079	-3.000000	0.000000	-99930.819333	0.177107	0.144916
48.006464	-3.000000	0.000000	-99930.819333	0.177107	0.143629
45.219017	-3.000000	40.000000	-99930.819333	0.177107	0.144916
41.865347	-3.000000	100.000000	-99930.819333	0.177107	0.144916
43.661205	-3.000000	90.000000	-99930.819333	0.177107	0.144916
45.469903	-3.000000	130.000000	-99930.819333	0.177107	0.144916
44.900475	-3.000000	210.000000	-99930.819333	0.177107	0.144916
-3.000000	-3.000000	170.000000	-99930.819333	0.175820	0.144916
-3.000000	-3.000000	180.000000	-99930.819333	0.177107	0.144916
-3.000000	-3.000000	180.000000	-99930.819333	0.175820	0.144916
-3.000000	-3.000000	540.000000	-99930.819333	0.175820	0.144916
-3.000000	-3.000000	610.000000	-99930.819333	0.175820	0.143629
42.902529	-3.000000	680.000000	-99930.819333	0.175820	0.143629
42.614624	-3.000000	700.000000	-99930.819333	0.175820	0.143629
44.636364	-3.000000	610.000000	-99930.819333	0.175820	0.143629
43.593629	-3.000000	840.000000	-99930.819333	0.175820	0.144916
44.206427	-3.000000	770.000000	-99930.819333	0.175820	0.143629
-3.000000	-3.000000	670.000000	-99930.819333	0.175820	0.143629
-3.000000	-3.000000	630.000000	-99930.819333	0.175820	0.143629
-3.000000	-3.000000	420.000000	-99930.819333	0.175820	0.144916
-3.000000	-3.000000	310.000000	-99930.819333	0.175820	0.143629
-3.000000	-3.000000	230.000000	-99930.819333	0.174532	0.143629
44.922756	-3.000000	140.000000	-99930.819333	0.175820	0.143629
-3.000000	-3.000000	120.000000	-99930.819333	0.175820	0.143629
-3.000000	-3.000000	270.000000	-99930.819333	0.175820	0.143629
-3.000000	-3.000000	50.000000	-99930.819333	0.174532	0.143629
-3.000000	-3.000000	40.000000	-99930.819333	0.175820	0.143629
-3.000000	-3.000000	30.000000	-99930.819333	0.174532	0.143629
-3.000000	-3.000000	40.000000	-99930.819333	0.174532	0.143629
46.402064	-3.000000	0.000000	-99930.819333	0.175820	0.143629
44.088830	-3.000000	0.000000	-99930.819333	0.174532	0.143629
44.800385	-3.000000	0.000000	-99930.819333	0.174532	0.143629
42.983025	-3.000000	0.000000	-99930.819333	0.175820	0.143629
-3.000000	-3.000000	0.000000	-99930.819333	0.175820	0.143629
-3.000000	-3.000000	0.000000	-99930.819333	0.175820	0.143629
-3.000000	-3.000000	10.000000	-99930.819333	0.175820	0.143629
45.025250	-3.000000	20.000000	-99930.819333	0.174532	0.143629
44.006953	-3.000000	0.000000	-99930.819333	0.174532	0.143629
44.647745	-3.000000	0.000000	-99930.819333	0.175820	0.143629
45.737008	-3.000000	0.000000	-99930.819333	0.174532	0.143629
-3.000000	-3.000000	0.000000	-99930.819333	0.175820	0.143629
-3.000000	-3.000000	20.000000	-99930.819333	0.175820	0.143629
-3.000000	-3.000000	20.000000	-99930.819333	0.175820	0.143629
-3.000000	-3.000000	0.000000	-99930.819333	0.175820	0.143629
-3.000000	-3.000000	0.000000	-99930.819333	0.177107	0.143629
-3.000000	-3.000000	10.000000	-99930.819333	0.175820	0.143629
49.003751	-3.000000	0.000000	-99930.819333	0.175820	0.143629
-3.000000	-3.000000	0.000000	-99930.819333	0.175820	0.144916
-3.000000	-3.000000	0.000000	-99930.819333	0.175820	0.143629
-3.000000	-3.000000	10.000000	-99930.819333	0.177107	0.143629
60.807868	-3.000000	20.000000	-99930.819333	0.177107	0.143629
85.517245	-3.000000	0.000000	-99930.819333	0.177107	0.144916
113.253886	822.471011	10.000000	364.502158	0.178395	0.144916
126.587855	822.470925	0.000000	364.502196	0.178395	0.144916
125.241910	822.470957	0.000000	364.502182	0.178395	0.144916
125.893021	822.470865	0.000000	364.502222	0.178395	0.144916
125.504640	822.470745	20.000000	364.502275	0.178395	0.144916
125.157603	822.470505	0.000000	364.502382	0.178395	0.144916
140.847715	822.470337	0.000000	364.502456	0.178395	0.144916
165.493333	822.470428	0.000000	364.502416	0.178395	0.143629
174.495738	822.470321	0.000000	364.502463	0.178395	0.144916
172.141888	822.470287	20.000000	364.502478	0.178395	0.144916
175.177228	822.470312	10.000000	364.502467	0.178395	0.146204
172.454043	822.470335	10.000000	364.502457	0.178395	0.144916
171.324874	822.470174	20.000000	364.502528	0.178395	0.144916
169.096540	822.469650	20.000000	364.502761	0.178395	0.144916
172.589639	822.469730	40.000000	364.502725	0.178395	0.144916
175.329163	822.469542	30.000000	364.502808	0.178395	0.144916
172.922238	822.469701	40.000000	364.502738	0.178395	0.144916
167.664233	822.469541	50.000000	364.502809	0.178395	0.144916
175.389120	822.469537	70.000000	364.502811	0.178395	0.144916
169.611612	822.469586	200.000000	364.502789	0.178395	0.144916
170.034195	822.469572	200.000000	364.502795	0.178395	0.144916
167.788974	822.469117	120.000000	364.502997	0.178395	0.144916
169.877882	822.469026	290.000000	364.503037	0.178395	0.144916
167.584977	822.468909	410.000000	364.503089	0.178395	0.144916
166.585148	822.469078	630.000000	364.503014	0.178395	0.144916
169.848067	822.468892	690.000000	364.503097	0.178395	0.144916
166.429641	822.468921	700.000000	364.503084	0.178395	0.144916
168.243097	822.468904	850.000000	364.503091	0.178395	0.144916
168.876569	822.468659	830.000000	364.503200	0.178395	0.144916
169.151170	822.468494	880.000000	364.503273	0.178395	0.144916
168.018152	822.468479	520.000000	364.503279	0.178395	0.144916
166.845607	822.468444	610.000000	364.503295	0.178395	0.144916
163.476277	822.468382	590.000000	364.503323	0.178395	0.144916
165.060616	822.468252	430.000000	364.503380	0.178395	0.144916
167.105758	822.468290	480.000000	364.503363	0.179683	0.144916
167.101198	822.468031	290.000000	364.503478	0.179683	0.144916
165.340202	822.467992	120.000000	364.503496	0.179683	0.144916
165.264061	822.467923	120.000000	364.503526	0.179683	0.144916
163.864107	822.467923	60.000000	364.503526	0.178395	0.144916
167.136938	822.467809	80.000000	364.503577	0.178395	0.144916
167.385271	822.467634	0.000000	364.503654	0.179683	0.144916
159.673987	822.467651	10.000000	364.503647	0.179683	0.144916
163.051809	822.467478	10.000000	364.503723	0.179683	0.144916
167.935636	822.467259	10.000000	364.503820	0.179683	0.144916
166.530938	822.467354	10.000000	364.503778	0.179683	0.144916
167.719182	822.467320	0.000000	364.503793	0.178395	0.144916
163.135846	822.467319	0.000000	364.503794	0.179683	0.144916
165.974995	822.467663	20.000000	364.503641	0.179683	0.144916
161.992630	822.467760	10.000000	364.503598	0.178395	0.144916
164.027249	822.467740	20.000000	364.503607	0.178395	0.144916
162.979068	822.467869	20.000000	364.503550	0.179683	0.144916
163.788018	822.467935	40.000000	364.503521	0.178395	0.144916
169.792388	822.467957	60.000000	364.503511	0.179683	0.144916
168.118796	822.468097	40.000000	364.503449	0.178395	0.144916
169.384834	822.468182	120.000000	364.503411	0.178395	0.144916
165.514306	822.468229	260.000000	364.503391	0.178395	0.144916
166.464590	822.468393	200.000000	364.503318	0.178395	0.144916
164.859369	822.468426	310.000000	364.503303	0.178395	0.144916
165.089130	822.468472	500.000000	364.503283	0.178395	0.144916
166.670150	822.468422	600.000000	364.503305	0.178395	0.143629
167.634844	822.468606	420.000000	364.503223	0.178395	0.143629
166.300632	822.468692	550.000000	364.503185	0.178395	0.144916
169.568828	822.468716	600.000000	364.503175	0.178395	0.144916
170.180142	822.469004	730.000000	364.503047	0.178395	0.143629
169.035258	822.468937	770.000000	364.503077	0.178395	0.143629
175.344452	822.469069	600.000000	364.503018	0.179683	0.144916
176.940747	822.469014	730.000000	364.503042	0.178395	0.144916
168.166880	822.468892	480.000000	364.503097	0.178395	0.144916
153.681044	822.469231	420.000000	364.502946	0.174532	0.143629
140.120495	822.469529	310.000000	364.502814	0.174532	0.143629
137.300571	822.469563	140.000000	364.502799	0.173244	0.143629
138.111240	822.469617	160.000000	364.502775	0.174532	0.142341
159.747297	822.469585	90.000000	364.502790	0.178395	0.142341
195.538499	822.469693	90.000000	364.502742	0.182258	0.143629
204.436329	822.469759	100.000000	364.502712	0.186121	0.144916
204.394749	822.469718	60.000000	364.502731	0.186121	0.146204
204.029608	822.469881	40.000000	364.502658	0.187409	0.147492
207.462702	822.470109	10.000000	364.502557	0.186121	0.147492
204.974254	822.470256	20.000000	364.502492	0.187409	0.148779
209.062183	822.470322	0.000000	364.502463	0.183546	0.147492
194.194284	822.470335	20.000000	364.502457	0.179683	0.147492
186.928476	822.470353	0.000000	364.502449	0.179683	0.146204
185.208249	822.470379	10.000000	364.502438	0.179683	0.146204
197.526985	822.470468	0.000000	364.502398	0.179683	0.146204
193.576167	822.469576	20.000000	364.502793	0.180970	0.146204
203.173554	822.470858	10.000000	364.502225	0.183546	0.146204
206.328600	822.470851	0.000000	364.502228	0.183546	0.146204
210.880775	822.470931	0.000000	364.502193	0.183546	0.147492
209.133725	822.471021	0.000000	364.502153	0.183546	0.147492
206.479958	822.471011	10.000000	364.502158	0.183546	0.147492
210.713227	822.471122	40.000000	364.502108	0.183546	0.147492
211.705593	822.471141	10.000000	364.502100	0.183546	0.147492
209.398419	822.471333	0.000000	364.502015	0.183546	0.147492
212.853346	822.471298	0.000000	364.502030	0.183546	0.147492
206.220623	822.471664	10.000000	364.501868	0.183546	0.147492
211.480657	822.471476	0.000000	364.501951	0.183546	0.147492
210.668403	822.471255	20.000000	364.502049	0.183546	0.147492
205.033884	822.471088	0.000000	364.502123	0.183546	0.147492
204.293234	822.471087	0.000000	364.502124	0.183546	0.147492
208.216396	822.471002	0.000000	364.502161	0.183546	0.147492
201.892789	822.470976	10.000000	364.502173	0.182258	0.147492
206.753513	822.470931	10.000000	364.502193	0.183546	0.147492
204.141079	822.470935	0.000000	364.502191	0.183546	0.147492
204.133288	822.470727	0.000000	364.502283	0.183546	0.147492
203.429755	822.470546	10.000000	364.502364	0.183546	0.147492
203.292058	822.470507	10.000000	364.502381	0.183546	0.147492
200.472280	822.470249	30.000000	364.502495	0.182258	0.147492
207.031673	822.470255	10.000000	364.502493	0.183546	0.147492
205.931149	822.470325	10.000000	364.502462	0.183546	0.147492
204.000304	822.470278	50.000000	364.502482	0.183546	0.147492
202.718126	822.470290	10.000000	364.502477	0.182258	0.147492
201.823356	822.470242	10.000000	364.502499	0.182258	0.147492
204.245123	822.777542	0.000000	364.366360	0.182258	0.147492
198.776053	822.469719	0.000000	364.502730	0.183546	0.147492
197.609704	822.469458	20.000000	364.502846	0.183546	0.147492
196.815858	822.469684	50.000000	364.502745	0.182258	0.147492
200.713007	822.469697	80.000000	364.502740	0.182258	0.147492
198.014580	822.469607	80.000000	364.502780	0.182258	0.147492
202.926173	822.469541	120.000000	364.502809	0.182258	0.146204
203.208263	822.469531	110.000000	364.502813	0.182258	0.147492
198.982907	822.469297	200.000000	364.502917	0.182258	0.146204
196.027066	822.469216	230.000000	364.502953	0.183546	0.147492
196.357613	822.469049	400.000000	364.503027	0.182258	0.147492
195.753650	822.469070	620.000000	364.503018	0.182258	0.146204
197.003238	822.469062	700.000000	364.503021	0.182258	0.147492
198.230783	822.468841	780.000000	364.503119	0.182258	0.146204
191.538133	822.468857	840.000000	364.503112	0.182258	0.147492
196.454369	822.468839	820.000000	364.503120	0.182258	0.147492
195.486728	822.468814	900.000000	364.503131	0.183546	0.146204
194.418043	822.468620	840.000000	364.503217	0.182258	0.147492
196.335070	822.468560	750.000000	364.503244	0.182258	0.147492
196.426597	822.468313	690.000000	364.503353	0.182258	0.147492
196.540546	822.468426	410.000000	364.503303	0.183546	0.147492
194.318442	822.468212	450.000000	364.503398	0.183546	0.147492
191.456267	822.468180	310.000000	364.503412	0.183546	0.147492
200.162327	822.468214	250.000000	364.503397	0.183546	0.147492
197.412151	822.467981	240.000000	364.503500	0.183546	0.147492
191.447656	822.467935	210.000000	364.503521	0.183546	0.147492
195.419507	822.467844	40.000000	364.503561	0.183546	0.147492
193.049395	822.467810	80.000000	364.503576	0.183546	0.147492
196.090360	822.467759	30.000000	364.503599	0.183546	0.147492
196.151802	822.467615	50.000000	364.503663	0.183546	0.147492
195.777266	822.467592	40.000000	364.503673	0.183546	0.147492
195.254659	822.467597	10.000000	364.503670	0.183546	0.147492
192.872786	822.467380	20.000000	364.503767	0.183546	0.147492
194.888566	822.467402	10.000000	364.503757	0.183546	0.147492
194.036909	822.467455	30.000000	364.503733	0.182258	0.147492
197.060907	822.467665	10.000000	364.503640	0.183546	0.147492
194.463341	822.467676	10.000000	364.503635	0.182258	0.147492
198.693747	822.467709	0.000000	364.503621	0.183546	0.147492
192.787886	822.467874	60.000000	364.503548	0.183546	0.147492
193.667861	822.467938	30.000000	364.503520	0.183546	0.147492
192.029854	822.467938	70.000000	364.503519	0.182258	0.147492
195.527796	822.467969	130.000000	364.503506	0.183546	0.147492
196.607103	822.468161	110.000000	364.503420	0.182258	0.147492
195.230743	822.468202	170.000000	364.503402	0.183546	0.147492
194.004752	822.468281	310.000000	364.503367	0.182258	0.147492
192.587843	822.468368	370.000000	364.503329	0.182258	0.147492
192.700448	822.468463	490.000000	364.503287	0.182258	0.146204
192.324850	822.468459	610.000000	364.503288	0.182258	0.147492
192.139620	822.468700	550.000000	364.503182	0.182258	0.146204
195.415976	822.468771	750.000000	364.503150	0.182258	0.147492
195.418139	822.468806	870.000000	364.503135	0.182258	0.147492
196.072218	822.468973	750.000000	364.503061	0.182258	0.147492
200.180566	822.468984	740.000000	364.503056	0.182258	0.147492
197.202687	822.468975	470.000000	364.503060	0.182258	0.147492
192.372201	822.469095	770.000000	364.503007	0.182258	0.147492
196.399543	822.469144	590.000000	364.502985	0.182258	0.147492
198.814588	822.469233	510.000000	364.502946	0.182258	0.147492
201.638392	822.469566	220.000000	364.502798	0.182258	0.146204
200.275213	822.469580	190.000000	364.502792	0.182258	0.147492
199.002133	822.469626	200.000000	364.502771	0.182258	0.147492
202.834225	822.469599	160.000000	364.502783	0.182258	0.147492
198.883904	822.469716	140.000000	364.502731	0.182258	0.147492
198.894799	822.469732	70.000000	364.502724	0.183546	0.147492
200.683613	822.469795	80.000000	364.502696	0.183546	0.147492
200.336910	822.469975	30.000000	364.502617	0.182258	0.147492
199.826399	822.470219	0.000000	364.502508	0.182258	0.147492
199.033112	822.470260	30.000000	364.502490	0.180970	0.147492
204.433888	822.470306	0.000000	364.502470	0.182258	0.147492
204.345875	822.470309	10.000000	364.502469	0.183546	0.147492
205.637242	822.470354	10.000000	364.502448	0.183546	0.147492
203.243677	822.470390	10.000000	364.502433	0.187409	0.148779
191.746621	822.470450	0.000000	364.502406	0.189984	0.150067
188.622328	822.470522	0.000000	364.502374	0.191271	0.150067
198.477033	822.470800	10.000000	364.502251	0.189984	0.151355
195.700553	822.470861	0.000000	364.502224	0.189984	0.151355
198.794623	822.470975	0.000000	364.502174	0.189984	0.151355
197.572005	822.470946	20.000000	364.502186	0.189984	0.151355
194.359396	822.471063	20.000000	364.502134	0.189984	0.151355
196.703820	822.471091	30.000000	364.502122	0.189984	0.151355
201.317707	822.471110	30.000000	364.502113	0.189984	0.151355
192.255996	822.471195	0.000000	364.502076	0.191271	0.152642
184.265473	822.471346	0.000000	364.502009	0.192559	0.152642
176.864069	822.471544	10.000000	364.501921	0.193847	0.152642
173.151223	822.471387	10.000000	364.501991	0.193847	0.153930
174.139909	822.471259	0.000000	364.502048	0.192559	0.153930
172.429344	822.471139	10.000000	364.502101	0.192559	0.153930
195.900146	822.471116	20.000000	364.502111	0.187409	0.152642
207.642520	822.471076	10.000000	364.502129	0.182258	0.152642
196.327052	822.471014	0.000000	364.502156	0.178395	0.150067
194.701223	822.470968	10.000000	364.502177	0.179683	0.148779
199.353694	822.470946	10.000000	364.502186	0.179683	0.148779
192.591985	822.470624	0.000000	364.502329	0.179683	0.147492
196.598662	822.470551	10.000000	364.502361	0.179683	0.147492
198.573372	822.470439	0.000000	364.502411	0.179683	0.146204
201.448761	822.470445	10.000000	364.502408	0.182258	0.147492
205.391751	822.470368	20.000000	364.502442	0.182258	0.147492
210.959739	822.470412	10.000000	364.502423	0.183546	0.147492
203.475445	822.470331	10.000000	364.502459	0.183546	0.147492
204.894611	822.470290	0.000000	364.502477	0.183546	0.147492
205.169283	822.470145	0.000000	364.502541	0.183546	0.148779
202.259129	822.469799	10.000000	364.502695	0.183546	0.147492
197.303345	822.469509	10.000000	364.502823	0.183546	0.147492
201.389841	822.469731	20.000000	364.502725	0.183546	0.147492
202.530696	822.469721	40.000000	364.502729	0.183546	0.148779
204.041636	822.469683	60.000000	364.502746	0.183546	0.148779
203.393594	822.469665	70.000000	364.502754	0.183546	0.148779
199.143630	822.469603	110.000000	364.502782	0.183546	0.148779
204.079785	822.469451	80.000000	364.502849	0.183546	0.147492
203.416752	822.469262	130.000000	364.502933	0.183546	0.148779
195.758793	822.469193	380.000000	364.502963	0.183546	0.148779
199.349001	822.469081	350.000000	364.503013	0.183546	0.148779
204.860210	822.469095	610.000000	364.503007	0.183546	0.148779
200.880272	822.468993	450.000000	364.503052	0.183546	0.148779
202.466920	822.468862	810.000000	364.503110	0.183546	0.148779
199.276049	822.468958	570.000000	364.503067	0.183546	0.148779
197.496645	822.468808	820.000000	364.503134	0.183546	0.148779
199.055752	822.468597	770.000000	364.503227	0.183546	0.148779
198.223503	822.468642	770.000000	364.503208	0.183546	0.147492
199.663765	822.468354	840.000000	364.503335	0.183546	0.147492
195.654288	822.468410	420.000000	364.503310	0.183546	0.147492
199.451254	822.468359	520.000000	364.503333	0.183546	0.147492
196.006618	822.468169	350.000000	364.503417	0.183546	0.148779
202.224436	822.468187	220.000000	364.503409	0.183546	0.148779
195.491435	822.468136	230.000000	364.503431	0.183546	0.148779
191.096899	822.468080	190.000000	364.503456	0.183546	0.147492
197.206339	822.467938	80.000000	364.503519	0.183546	0.147492
200.371094	822.467888	40.000000	364.503541	0.183546	0.148779
195.349873	822.467749	10.000000	364.503603	0.183546	0.148779
194.193415	822.467805	10.000000	364.503579	0.182258	0.148779
187.204354	822.467763	30.000000	364.503597	0.179683	0.147492
161.239608	822.467741	40.000000	364.503607	0.174532	0.146204
131.314172	822.467381	20.000000	364.503766	0.171957	0.146204
127.100091	822.467374	20.000000	364.503769	0.171957	0.144916
127.231107	822.467428	10.000000	364.503745	0.173244	0.143629
127.260135	822.467501	0.000000	364.503713	0.173244	0.143629
126.004833	822.467680	10.000000	364.503634	0.173244	0.143629
127.644600	822.467655	0.000000	364.503645	0.174532	0.142341
127.267383	822.467760	20.000000	364.503598	0.173244	0.142341
122.767127	822.467853	10.000000	364.503557	0.173244	0.142341
126.859108	822.467956	30.000000	364.503512	0.173244	0.142341
120.761880	822.467963	80.000000	364.503508	0.173244	0.142341
122.397337	822.467984	110.000000	364.503499	0.171957	0.142341
119.856681	822.468052	100.000000	364.503469	0.173244	0.141054
125.730346	822.468216	130.000000	364.503396	0.173244	0.141054
127.655745	822.468276	220.000000	364.503370	0.173244	0.142341
124.620371	822.468246	370.000000	364.503383	0.173244	0.141054
120.978661	822.468423	430.000000	364.503304	0.173244	0.142341
126.592183	822.468571	560.000000	364.503239	0.173244	0.141054
126.174406	822.468678	500.000000	364.503191	0.173244	0.141054
125.385340	822.468766	870.000000	364.503152	0.171957	0.142341
125.655274	822.468777	720.000000	364.503147	0.173244	0.141054
124.966126	822.468977	880.000000	364.503059	0.173244	0.142341
125.140833	822.468840	930.000000	364.503120	0.173244	0.141054
125.947006	822.469070	740.000000	364.503018	0.173244	0.141054
125.967891	822.468809	730.000000	364.503133	0.171957	0.142341
126.325605	822.469057	500.000000	364.503024	0.173244	0.142341
128.004475	822.469140	470.000000	364.502987	0.173244	0.141054
129.755760	822.469347	360.000000	364.502895	0.173244	0.142341
128.498941	822.469517	430.000000	364.502820	0.173244	0.141054
124.898046	822.469595	160.000000	364.502785	0.171957	0.141054
125.446781	822.469570	160.000000	364.502796	0.171957	0.142341
116.775399	822.469661	110.000000	364.502756	0.170669	0.141054
80.217210	-3.000000	60.000000	-99930.819333	0.166806	0.139766
66.750029	-3.000000	20.000000	-99930.819333	0.166806	0.139766
69.079117	-3.000000	60.000000	-99930.819333	0.166806	0.138478
69.984670	-3.000000	0.000000	-99930.819333	0.166806	0.138478
69.936356	-3.000000	10.000000	-99930.819333	0.166806	0.138478
69.645155	-3.000000	10.000000	-99930.819333	0.166806	0.138478
67.689785	-3.000000	0.000000	-99930.819333	0.168094	0.138478
73.446279	-3.000000	20.000000	-99930.819333	0.166806	0.138478
78.765643	-3.000000	0.000000	-99930.819333	0.168094	0.138478
72.962564	-3.000000	20.000000	-99930.819333	0.166806	0.138478
73.974575	-3.000000	20.000000	-99930.819333	0.168094	0.138478
78.692254	-3.000000	0.000000	-99930.819333	0.168094	0.138478
78.248636	-3.000000	0.000000	-99930.819333	0.168094	0.138478
77.212004	-3.000000	0.000000	-99930.819333	0.168094	0.138478
79.719168	-3.000000	0.000000	-99930.819333	0.169382	0.138478
78.559549	-3.000000	0.000000	-99930.819333	0.168094	0.138478
78.512958	-3.000000	10.000000	-99930.819333	0.168094	0.138478
78.607872	-3.000000	0.000000	-99930.819333	0.168094	0.138478
77.946294	-3.000000	0.000000	-99930.819333	0.169382	0.138478
76.242071	-3.000000	0.000000	-99930.819333	0.168094	0.138478
78.676081	-3.000000	10.000000	-99930.819333	0.169382	0.139766
81.381987	-3.000000	20.000000	-99930.819333	0.169382	0.139766
81.627549	-3.000000	0.000000	-99930.819333	0.169382	0.139766
78.275041	-3.000000	0.000000	-99930.819333	0.169382	0.139766
81.060708	-3.000000	0.000000	-99930.819333	0.169382	0.139766
80.286036	-3.000000	20.000000	-99930.819333	0.168094	0.138478
80.066161	-3.000000	0.000000	-99930.819333	0.169382	0.138478
79.045666	-3.000000	30.000000	-99930.819333	0.168094	0.138478
80.176739	-3.000000	0.000000	-99930.819333	0.168094	0.138478
79.383682	-3.000000	0.000000	-99930.819333	0.168094	0.138478
78.755463	-3.000000	0.000000	-99930.819333	0.168094	0.138478
78.242296	-3.000000	10.000000	-99930.819333	0.168094	0.138478
79.421794	-3.000000	10.000000	-99930.819333	0.168094	0.138478
76.409322	-3.000000	10.000000	-99930.819333	0.168094	0.138478
78.085156	-3.000000	10.000000	-99930.819333	0.168094	0.138478
76.781035	-3.000000	10.000000	-99930.819333	0.168094	0.138478
80.212881	-3.000000	0.000000	-99930.819333	0.168094	0.138478
80.019374	-3.000000	10.000000	-99930.819333	0.168094	0.138478
78.381662	-3.000000	0.000000	-99930.819333	0.168094	0.138478
77.398341	-3.000000	20.000000	-99930.819333	0.169382	0.138478
74.357008	-3.000000	30.000000	-99930.819333	0.168094	0.138478
75.740638	-3.000000	80.000000	-99930.819333	0.168094	0.138478
79.339838	-3.000000	70.000000	-99930.819333	0.168094	0.138478
75.527150	-3.000000	60.000000	-99930.819333	0.169382	0.138478
80.014494	-3.000000	120.000000	-99930.819333	0.168094	0.139766
79.337798	-3.000000	120.000000	-99930.819333	0.168094	0.139766
79.369843	-3.000000	220.000000	-99930.819333	0.168094	0.138478
77.198024	-3.000000	220.000000	-99930.819333	0.168094	0.138478
74.125581	-3.000000	170.000000	-99930.819333	0.169382	0.138478
72.737905	-3.000000	440.000000	-99930.819333	0.168094	0.138478
77.735598	-3.000000	550.000000	-99930.819333	0.168094	0.138478
76.620037	-3.000000	620.000000	-99930.819333	0.168094	0.138478
75.259326	-3.000000	910.000000	-99930.819333	0.169382	0.138478
80.821742	-3.000000	810.000000	-99930.819333	0.169382	0.138478
74.820529	-3.000000	870.000000	-99930.819333	0.168094	0.138478
78.800612	-3.000000	920.000000	-99930.819333	0.169382	0.139766
79.342526	-3.000000	750.000000	-99930.819333	0.169382	0.138478
73.964697	-3.000000	910.000000	-99930.819333	0.169382	0.138478
76.261801	-3.000000	540.000000	-99930.819333	0.169382	0.138478
75.560447	-3.000000	530.000000	-99930.819333	0.169382	0.138478
74.568396	-3.000000	470.000000	-99930.819333	0.169382	0.138478
74.007334	-3.000000	460.000000	-99930.819333	0.169382	0.138478
73.586857	-3.000000	180.000000	-99930.819333	0.169382	0.138478
74.797199	-3.000000	260.000000	-99930.819333	0.169382	0.139766
75.005526	-3.000000	100.000000	-99930.819333	0.169382	0.139766
77.363540	-3.000000	60.000000	-99930.819333	0.169382	0.139766
76.967468	-3.000000	20.000000	-99930.819333	0.169382	0.139766
74.700843	-3.000000	10.000000	-99930.819333	0.170669	0.139766
75.588738	-3.000000	0.000000	-99930.819333	0.170669	0.139766
75.343624	-3.000000	50.000000	-99930.819333	0.170669	0.139766
70.964642	-3.000000	10.000000	-99930.819333	0.170669	0.138478
74.443410	-3.000000	0.000000	-99930.819333	0.170669	0.139766
74.274590	-3.000000	30.000000	-99930.819333	0.170669	0.139766
72.606242	-3.000000	10.000000	-99930.819333	0.169382	0.139766
76.052154	-3.000000	10.000000	-99930.819333	0.170669	0.139766
75.319411	-3.000000	20.000000	-99930.819333	0.169382	0.139766
75.128928	-3.000000	20.000000	-99930.819333	0.169382	0.139766
74.675271	-3.000000	0.000000	-99930.819333	0.169382	0.139766
75.183454	-3.000000	120.000000	-99930.819333	0.169382	0.139766
74.614273	-3.000000	80.000000	-99930.819333	0.169382	0.139766
74.801172	-3.000000	80.000000	-99930.819333	0.169382	0.139766
73.576970	-3.000000	130.000000	-99930.819333	0.169382	0.139766
75.653582	-3.000000	260.000000	-99930.819333	0.169382	0.138478
75.036703	-3.000000	240.000000	-99930.819333	0.169382	0.139766
73.467897	-3.000000	440.000000	-99930.819333	0.169382	0.138478
76.833251	-3.000000	440.000000	-99930.819333	0.169382	0.139766
76.855822	-3.000000	480.000000	-99930.819333	0.168094	0.138478
77.508803	-3.000000	800.000000	-99930.819333	0.169382	0.138478
77.717758	-3.000000	710.000000	-99930.819333	0.169382	0.138478
76.141323	-3.000000	940.000000	-99930.819333	0.168094	0.138478
77.023722	-3.000000	620.000000	-99930.819333	0.169382	0.138478
75.041801	-3.000000	610.000000	-99930.819333	0.168094	0.138478
77.997136	-3.000000	680.000000	-99930.819333	0.168094	0.138478
78.194435	-3.000000	540.000000	-99930.819333	0.168094	0.138478
77.902410	-3.000000	450.000000	-99930.819333	0.168094	0.138478
78.918422	-3.000000	280.000000	-99930.819333	0.168094	0.138478
80.240888	-3.000000	240.000000	-99930.819333	0.169382	0.138478
79.411059	-3.000000	100.000000	-99930.819333	0.168094	0.138478
77.464954	-3.000000	80.000000	-99930.819333	0.168094	0.138478
79.345439	-3.000000	50.000000	-99930.819333	0.168094	0.138478
77.854367	-3.000000	160.000000	-99930.819333	0.168094	0.138478
78.043247	-3.000000	20.000000	-99930.819333	0.168094	0.138478
77.873941	-3.000000	60.000000	-99930.819333	0.168094	0.138478
79.631179	-3.000000	10.000000	-99930.819333	0.168094	0.138478
75.579200	-3.000000	20.000000	-99930.819333	0.168094	0.138478
81.304707	-3.000000	10.000000	-99930.819333	0.168094	0.138478
78.097599	-3.000000	10.000000	-99930.819333	0.168094	0.138478
79.591400	-3.000000	10.000000	-99930.819333	0.169382	0.138478
80.576856	-3.000000	0.000000	-99930.819333	0.169382	0.138478
80.376287	-3.000000	0.000000	-99930.819333	0.168094	0.138478
79.765899	-3.000000	10.000000	-99930.819333	0.169382	0.138478
80.425155	-3.000000	0.000000	-99930.819333	0.169382	0.138478
80.677529	-3.000000	0.000000	-99930.819333	0.168094	0.138478
77.793905	-3.000000	20.000000	-99930.819333	0.169382	0.139766
76.926408	-3.000000	0.000000	-99930.819333	0.169382	0.138478
81.957964	-3.000000	10.000000	-99930.819333	0.169382	0.138478
75.443828	-3.000000	0.000000	-99930.819333	0.169382	0.138478
79.142726	-3.000000	0.000000	-99930.819333	0.170669	0.138478
81.533564	-3.000000	20.000000	-99930.819333	0.169382	0.139766
79.641690	-3.000000	0.000000	-99930.819333	0.169382	0.139766
81.766676	-3.000000	10.000000	-99930.819333	0.169382	0.139766
77.654959	-3.000000	0.000000	-99930.819333	0.169382	0.138478
78.954474	-3.000000	0.000000	-99930.819333	0.169382	0.138478
78.850756	-3.000000	10.000000	-99930.819333	0.169382	0.139766
77.886272	-3.000000	0.000000	-99930.819333	0.169382	0.139766
81.299929	-3.000000	20.000000	-99930.819333	0.169382	0.139766
73.520234	-3.000000	10.000000	-99930.819333	0.168094	0.138478
60.040541	-3.000000	10.000000	-99930.819333	0.168094	0.138478
-3.000000	-3.000000	10.000000	-99930.819333	0.166806	0.138478
-3.000000	-3.000000	20.000000	-99930.819333	0.166806	0.138478
-3.000000	-3.000000	10.000000	-99930.819333	0.166806	0.138478
-3.000000	-3.000000	10.000000	-99930.819333	0.166806	0.138478
-3.000000	-3.000000	10.000000	-99930.819333	0.166806	0.138478
-3.000000	-3.000000	0.000000	-99930.819333	0.166806	0.138478
-3.000000	-3.000000	0.000000	-99930.819333	0.166806	0.138478
-3.000000	-3.000000	10.000000	-99930.819333	0.166806	0.138478
-3.000000	-3.000000	10.000000	-99930.819333	0.166806	0.138478
-3.000000	-3.000000	0.000000	-99930.819333	0.166806	0.138478
-3.000000	-3.000000	10.000000	-99930.819333	0.166806	0.138478
-3.000000	-3.000000	0.000000	-99930.819333	0.168094	0.138478
-3.000000	-3.000000	20.000000	-99930.819333	0.168094	0.138478
56.510730	-3.000000	40.000000	-99930.819333	0.168094	0.138478
66.909088	-3.000000	70.000000	-99930.819333	0.168094	0.138478
76.717247	-3.000000	100.000000	-99930.819333	0.168094	0.138478
79.774964	-3.000000	160.000000	-99930.819333	0.168094	0.138478
79.201458	-3.000000	140.000000	-99930.819333	0.168094	0.138478
81.080588	-3.000000	220.000000	-99930.819333	0.169382	0.138478
77.984858	-3.000000	160.000000	-99930.819333	0.169382	0.138478
80.182896	-3.000000	210.000000	-99930.819333	0.168094	0.138478
81.303122	-3.000000	220.000000	-99930.819333	0.169382	0.139766
96.106688	822.469034	460.000000	364.503033	0.168094	0.139766
106.399787	822.468939	650.000000	364.503076	0.168094	0.139766
105.078659	822.468853	720.000000	364.503114	0.168094	0.139766
107.822147	822.468833	820.000000	364.503123	0.168094	0.139766
102.864021	822.468680	870.000000	364.503190	0.168094	0.138478
105.285594	822.468447	820.000000	364.503294	0.168094	0.139766
106.793872	822.468580	740.000000	364.503235	0.168094	0.138478
102.491137	822.468410	650.000000	364.503310	0.168094	0.138478
103.839186	822.468398	400.000000	364.503315	0.168094	0.138478
102.275997	822.468272	400.000000	364.503372	0.169382	0.139766
104.312165	822.468224	390.000000	364.503393	0.168094	0.139766
104.513693	822.468134	290.000000	364.503433	0.169382	0.139766
101.864386	822.468001	290.000000	364.503491	0.168094	0.139766
103.094211	822.467961	110.000000	364.503509	0.168094	0.139766
98.351461	822.467921	70.000000	364.503527	0.166806	0.138478
87.759635	822.467855	60.000000	364.503556	0.166806	0.138478
84.049598	-3.000000	40.000000	-99930.819333	0.166806	0.138478
86.243420	-3.000000	20.000000	-99930.819333	0.166806	0.138478
82.191729	-3.000000	10.000000	-99930.819333	0.166806	0.138478
84.724626	-3.000000	20.000000	-99930.819333	0.166806	0.138478
91.366787	822.467303	30.000000	364.503801	0.168094	0.138478
99.419735	822.467326	0.000000	364.503791	0.169382	0.138478
99.192162	822.467518	10.000000	364.503706	0.169382	0.139766
100.827318	822.467667	10.000000	364.503639	0.169382	0.139766
102.578756	822.467633	20.000000	364.503655	0.169382	0.139766
101.212150	822.467638	0.000000	364.503652	0.169382	0.139766
104.122902	822.467889	40.000000	364.503541	0.169382	0.139766
104.579041	822.467823	50.000000	364.503570	0.169382	0.139766
100.785294	822.467934	10.000000	364.503521	0.169382	0.139766
103.741546	822.468144	80.000000	364.503428	0.169382	0.139766
102.446704	822.468181	110.000000	364.503412	0.169382	0.139766
103.169575	822.468188	210.000000	364.503409	0.169382	0.139766
102.805826	822.468345	250.000000	364.503339	0.168094	0.139766
105.220522	822.468399	330.000000	364.503315	0.169382	0.139766
113.666555	822.468408	350.000000	364.503311	0.169382	0.139766
123.093253	822.468533	460.000000	364.503256	0.169382	0.139766
114.989569	822.468690	610.000000	364.503186	0.169382	0.139766
129.226030	822.468664	750.000000	364.503197	0.170669	0.141054
143.730984	822.468832	840.000000	364.503123	0.171957	0.141054
153.158524	822.469042	960.000000	364.503030	0.173244	0.141054
157.347842	822.469040	740.000000	364.503031	0.173244	0.141054
165.567887	822.469026	690.000000	364.503037	0.174532	0.142341
180.582891	822.469076	620.000000	364.503015	0.175820	0.142341
184.329086	822.469055	500.000000	364.503024	0.175820	0.143629
180.452411	822.469150	390.000000	364.502982	0.174532	0.142341
180.174412	822.469508	400.000000	364.502824	0.174532	0.143629
182.612935	822.469562	260.000000	364.502800	0.174532	0.143629
183.325962	822.469652	140.000000	364.502760	0.174532	0.143629
183.192896	822.469608	100.000000	364.502779	0.175820	0.143629
183.786865	822.469701	100.000000	364.502738	0.174532	0.143629
177.074553	822.469764	70.000000	364.502710	0.174532	0.143629
184.455658	822.469798	50.000000	364.502695	0.175820	0.143629
185.762982	822.469774	30.000000	364.502706	0.174532	0.143629
187.384468	822.469799	50.000000	364.502695	0.174532	0.143629
180.694958	822.470069	30.000000	364.502575	0.174532	0.143629
184.639493	822.470295	0.000000	364.502475	0.174532	0.143629
181.536322	822.470319	0.000000	364.502464	0.174532	0.143629
184.860573	822.470365	20.000000	364.502444	0.174532	0.142341
183.566283	822.470426	0.000000	364.502417	0.174532	0.143629
187.464827	822.470507	0.000000	364.502381	0.174532	0.142341
184.144715	822.470575	0.000000	364.502351	0.174532	0.143629
184.913412	822.470656	0.000000	364.502315	0.175820	0.143629
186.979788	822.470894	0.000000	364.502209	0.175820	0.143629
184.177416	822.470947	0.000000	364.502186	0.175820	0.143629
185.852779	822.471010	10.000000	364.502158	0.174532	0.143629
187.197166	822.471078	10.000000	364.502128	0.175820	0.143629
184.074876	822.471109	0.000000	364.502114	0.174532	0.143629
182.326847	822.471194	10.000000	364.502076	0.174532	0.143629
185.669083	822.471191	0.000000	364.502078	0.174532	0.143629
184.392923	822.471377	0.000000	364.501995	0.175820	0.143629
184.817186	822.471618	30.000000	364.501888	0.175820	0.143629
185.031713	822.471278	0.000000	364.502039	0.175820	0.143629
187.504680	822.471214	20.000000	364.502068	0.174532	0.143629
178.577112	822.471155	0.000000	364.502094	0.174532	0.143629
179.532241	822.471136	20.000000	364.502102	0.175820	0.143629
180.459330	822.471082	50.000000	364.502126	0.174532	0.143629
183.978078	822.470960	20.000000	364.502180	0.174532	0.143629
180.901937	822.470930	0.000000	364.502194	0.174532	0.143629
176.706064	822.470934	0.000000	364.502192	0.174532	0.143629
184.189489	822.470793	10.000000	364.502254	0.174532	0.143629
182.387657	822.470537	0.000000	364.502368	0.174532	0.143629
181.624356	822.470470	20.000000	364.502397	0.174532	0.143629
183.532813	822.470465	0.000000	364.502400	0.174532	0.143629
185.087790	822.470439	0.000000	364.502411	0.174532	0.142341
179.946152	822.470362	30.000000	364.502445	0.174532	0.143629
185.554501	822.470319	0.000000	364.502464	0.174532	0.143629
184.626900	822.470265	10.000000	364.502488	0.174532	0.143629
183.957961	822.470066	10.000000	364.502576	0.174532	0.143629
179.041826	822.469859	20.000000	364.502668	0.174532	0.143629
184.064058	822.469830	20.000000	364.502681	0.174532	0.143629
179.995628	822.469800	20.000000	364.502694	0.173244	0.142341
176.991711	822.469745	20.000000	364.502718	0.174532	0.143629
182.414580	822.469631	20.000000	364.502769	0.174532	0.142341
180.642407	822.469628	50.000000	364.502770	0.173244	0.142341
185.352315	822.469636	100.000000	364.502767	0.174532	0.143629
182.932265	822.469568	90.000000	364.502797	0.174532	0.142341
179.860225	822.469189	150.000000	364.502965	0.174532	0.143629
176.857013	822.469121	500.000000	364.502995	0.174532	0.143629
177.862498	822.469137	380.000000	364.502988	0.174532	0.142341
179.781799	822.469099	640.000000	364.503005	0.174532	0.142341
177.466512	822.468998	570.000000	364.503049	0.174532	0.142341
175.971779	822.468956	800.000000	364.503068	0.174532	0.142341
177.906098	822.468969	910.000000	364.503063	0.174532	0.143629
175.850491	822.468742	790.000000	364.503163	0.174532	0.142341
179.040513	822.468739	750.000000	364.503164	0.174532	0.143629
177.729162	822.468547	880.000000	364.503250	0.174532	0.143629
174.332389	822.468476	560.000000	364.503281	0.174532	0.142341
176.684603	822.468462	510.000000	364.503287	0.174532	0.143629
179.023127	822.468303	500.000000	364.503357	0.174532	0.142341
175.024882	822.468252	370.000000	364.503380	0.174532	0.142341
171.124652	822.468275	350.000000	364.503370	0.174532	0.142341
178.529110	822.468063	290.000000	364.503464	0.174532	0.142341
172.684926	822.467900	130.000000	364.503536	0.174532	0.142341
178.888808	822.467933	120.000000	364.503522	0.174532	0.142341
168.800730	822.467825	90.000000	364.503569	0.174532	0.142341
173.457472	822.467751	80.000000	364.503602	0.174532	0.143629
172.815224	822.467716	10.000000	364.503618	0.174532	0.143629
175.708722	822.467580	10.000000	364.503678	0.174532	0.142341
175.119862	822.467502	0.000000	364.503713	0.175820	0.143629
175.024410	822.467413	20.000000	364.503752	0.175820	0.142341
178.340120	822.467312	0.000000	364.503797	0.174532	0.142341
175.651105	822.467429	10.000000	364.503745	0.174532	0.143629
179.879224	822.467441	0.000000	364.503740	0.174532	0.142341
173.789408	822.467487	0.000000	364.503719	0.174532	0.142341
174.650769	822.467714	10.000000	364.503619	0.174532	0.142341
169.904559	822.467709	0.000000	364.503621	0.174532	0.142341
170.081971	822.467809	0.000000	364.503577	0.174532	0.142341
179.288609	822.467941	80.000000	364.503518	0.174532	0.143629
181.366244	822.467944	110.000000	364.503517	0.174532	0.142341
176.264274	822.467965	90.000000	364.503507	0.174532	0.142341
173.975149	822.468195	120.000000	364.503405	0.174532	0.142341
179.044846	822.468146	140.000000	364.503427	0.174532	0.142341
175.446376	822.468245	240.000000	364.503383	0.174532	0.142341
178.815866	822.468441	270.000000	364.503296	0.174532	0.142341
174.722436	822.468424	390.000000	364.503304	0.174532	0.143629
178.494502	822.468440	490.000000	364.503297	0.174532	0.142341
174.483830	822.468570	650.000000	364.503239	0.174532	0.142341
179.040378	822.468722	540.000000	364.503172	0.174532	0.142341
176.683551	822.468859	690.000000	364.503111	0.174532	0.142341
176.472155	822.468901	820.000000	364.503093	0.174532	0.142341
176.348549	822.469007	580.000000	364.503046	0.173244	0.142341
175.024060	822.469019	760.000000	364.503040	0.173244	0.142341
181.416051	822.469088	800.000000	364.503010	0.174532	0.142341
182.234285	822.469138	640.000000	364.502988	0.174532	0.142341
182.373963	822.469136	610.000000	364.502988	0.174532	0.141054
181.702054	822.469347	440.000000	364.502895	0.173244	0.142341
184.353417	822.469513	260.000000	364.502821	0.174532	0.142341
176.917072	822.469554	170.000000	364.502803	0.173244	0.142341
187.874716	822.469604	190.000000	364.502781	0.175820	0.142341
194.722656	822.469607	130.000000	364.502780	0.177107	0.142341
207.694542	822.469700	170.000000	364.502739	0.178395	0.143629
217.052120	822.469717	60.000000	364.502731	0.179683	0.143629
214.010792	822.469893	10.000000	364.502653	0.178395	0.143629
210.237833	822.470112	50.000000	364.502556	0.178395	0.143629
217.917930	822.470169	0.000000	364.502531	0.178395	0.143629
213.751522	822.470263	10.000000	364.502489	0.178395	0.143629
215.163517	822.470301	10.000000	364.502472	0.178395	0.143629
218.038953	822.470385	30.000000	364.502435	0.178395	0.144916
217.028335	822.470382	10.000000	364.502436	0.178395	0.144916
217.795006	822.470469	0.000000	364.502398	0.178395	0.144916
215.069273	822.470429	10.000000	364.502415	0.178395	0.144916
212.195489	822.470561	40.000000	364.502357	0.178395	0.144916
214.195852	822.470704	0.000000	364.502293	0.178395	0.144916
217.282782	822.470926	0.000000	364.502195	0.178395	0.143629
217.788022	822.470991	0.000000	364.502167	0.178395	0.144916
213.423208	822.470998	10.000000	364.502163	0.178395	0.143629
209.882973	822.471044	0.000000	364.502143	0.178395	0.144916
218.082442	822.471086	0.000000	364.502124	0.179683	0.143629
224.838734	822.471129	20.000000	364.502105	0.179683	0.143629
217.044092	822.471294	10.000000	364.502032	0.178395	0.144916
218.448639	822.471593	40.000000	364.501899	0.178395	0.144916
218.261257	822.471305	20.000000	364.502027	0.178395	0.143629
219.943130	822.471165	0.000000	364.502089	0.178395	0.143629
219.530181	822.471141	10.000000	364.502100	0.178395	0.144916
216.392341	822.471053	10.000000	364.502139	0.178395	0.144916
217.010979	822.471024	10.000000	364.502152	0.178395	0.144916
217.888076	822.471008	0.000000	364.502159	0.178395	0.143629
221.832666	822.470908	10.000000	364.502203	0.178395	0.144916
217.496888	822.470753	0.000000	364.502272	0.178395	0.144916
219.080977	822.470527	0.000000	364.502372	0.178395	0.144916
213.381014	822.470475	0.000000	364.502395	0.178395	0.143629
216.926990	822.470480	10.000000	364.502393	0.178395	0.144916
222.462349	822.470521	10.000000	364.502375	0.178395	0.144916
216.558899	822.470434	0.000000	364.502413	0.178395	0.144916
219.438230	822.470359	30.000000	364.502446	0.178395	0.144916
213.046319	822.470370	10.000000	364.502441	0.178395	0.144916
214.421910	822.470286	0.000000	364.502479	0.178395	0.143629
215.608080	822.469879	10.000000	364.502659	0.178395	0.143629
214.482050	822.469679	10.000000	364.502748	0.177107	0.143629
215.254181	822.469730	40.000000	364.502725	0.177107	0.143629
211.349647	822.469762	20.000000	364.502711	0.177107	0.143629
217.078742	822.469721	30.000000	364.502729	0.177107	0.144916
213.023658	822.469635	40.000000	364.502767	0.177107	0.144916
209.816037	822.469606	80.000000	364.502780	0.177107	0.143629
211.897781	822.469592	110.000000	364.502786	0.177107	0.143629
207.573503	822.469365	110.000000	364.502887	0.177107	0.143629
208.812057	822.469140	240.000000	364.502987	0.177107	0.143629
210.896962	822.469136	330.000000	364.502988	0.177107	0.143629
200.764106	822.469091	510.000000	364.503008	0.177107	0.143629
210.079323	822.469058	600.000000	364.503023	0.177107	0.143629
216.756624	822.469045	730.000000	364.503029	0.177107	0.143629
206.618528	822.468921	600.000000	364.503084	0.177107	0.144916
201.164842	822.468871	740.000000	364.503106	0.178395	0.143629
210.606548	822.468703	790.000000	364.503180	0.177107	0.143629
203.675852	822.468591	760.000000	364.503230	0.177107	0.143629
204.584256	822.468502	720.000000	364.503269	0.178395	0.143629
209.608330	822.468472	660.000000	364.503283	0.177107	0.143629
208.110542	822.468417	710.000000	364.503307	0.178395	0.143629
207.235240	822.468339	500.000000	364.503342	0.178395	0.144916
205.814988	822.468297	400.000000	364.503360	0.177107	0.143629
204.884355	822.468098	300.000000	364.503448	0.177107	0.143629
209.025264	822.467999	150.000000	364.503493	0.178395	0.144916
207.689991	822.468000	120.000000	364.503492	0.178395	0.143629
201.623549	822.467912	110.000000	364.503531	0.177107	0.144916
197.942921	822.467834	60.000000	364.503565	0.177107	0.144916
181.478074	822.467769	10.000000	364.503594	0.174532	0.143629
169.311262	822.467753	40.000000	364.503601	0.173244	0.143629
158.028463	822.467640	70.000000	364.503651	0.171957	0.143629
157.399189	822.467416	20.000000	364.503751	0.171957	0.142341
158.449027	822.467381	0.000000	364.503766	0.173244	0.142341
157.978342	822.467373	10.000000	364.503770	0.173244	0.141054
153.055745	822.467341	0.000000	364.503784	0.173244	0.141054
155.611588	822.467392	0.000000	364.503762	0.173244	0.141054
159.138695	822.467427	30.000000	364.503746	0.171957	0.142341
156.588493	822.467644	0.000000	364.503650	0.173244	0.141054
158.104307	822.467794	0.000000	364.503583	0.173244	0.141054
156.753994	822.467856	10.000000	364.503556	0.173244	0.141054
160.821619	822.467867	30.000000	364.503551	0.171957	0.141054
157.475509	822.467892	70.000000	364.503540	0.173244	0.141054
160.614494	822.467938	70.000000	364.503520	0.171957	0.141054
160.976412	822.468113	60.000000	364.503442	0.171957	0.142341
163.310323	822.468117	190.000000	364.503440	0.171957	0.141054
167.547000	822.468182	140.000000	364.503411	0.171957	0.141054
157.348233	822.468175	170.000000	364.503414	0.171957	0.142341
153.202991	822.468425	270.000000	364.503304	0.171957	0.141054
159.090526	822.468447	420.000000	364.503294	0.171957	0.141054
157.132200	822.468418	600.000000	364.503307	0.171957	0.141054
155.385488	822.468669	430.000000	364.503195	0.171957	0.141054
157.668872	822.468859	690.000000	364.503111	0.171957	0.141054
162.907828	822.468912	530.000000	364.503088	0.171957	0.141054
161.479014	822.469004	960.000000	364.503047	0.171957	0.141054
159.249226	822.468999	720.000000	364.503049	0.171957	0.141054
160.825856	822.469007	780.000000	364.503046	0.171957	0.141054
162.884207	822.469140	720.000000	364.502987	0.171957	0.141054
161.555064	822.469170	720.000000	364.502973	0.171957	0.141054
158.906897	822.468884	570.000000	364.503100	0.171957	0.142341
161.683264	822.469587	320.000000	364.502789	0.171957	0.141054
166.595806	822.469632	140.000000	364.502769	0.171957	0.141054
164.104093	822.469700	110.000000	364.502738	0.171957	0.141054
164.879737	822.469663	70.000000	364.502755	0.171957	0.141054
162.389009	822.469698	70.000000	364.502739	0.171957	0.141054
166.762237	822.469711	90.000000	364.502734	0.171957	0.141054
167.155167	822.469886	20.000000	364.502656	0.171957	0.142341
165.851068	822.469884	90.000000	364.502657	0.171957	0.141054
161.328383	822.469911	10.000000	364.502645	0.173244	0.142341
161.930235	822.470270	20.000000	364.502486	0.171957	0.141054
165.305696	822.470302	0.000000	364.502472	0.171957	0.141054
167.301896	822.470423	10.000000	364.502418	0.171957	0.141054
164.819043	822.470467	10.000000	364.502398	0.171957	0.141054
166.867902	822.470509	10.000000	364.502380	0.171957	0.141054
167.229723	822.470458	10.000000	364.502403	0.171957	0.139766
164.668129	822.470557	0.000000	364.502359	0.171957	0.142341
167.578177	822.470747	20.000000	364.502275	0.171957	0.142341
165.307666	822.470964	0.000000	364.502179	0.171957	0.139766
161.678983	822.470979	0.000000	364.502171	0.171957	0.142341
163.067581	822.470985	0.000000	364.502169	0.171957	0.142341
165.128718	822.471018	0.000000	364.502154	0.173244	0.142341
165.409856	822.471043	0.000000	364.502143	0.173244	0.142341
163.392043	822.471223	0.000000	364.502064	0.171957	0.142341
167.299745	822.471231	0.000000	364.502060	0.173244	0.142341
168.634954	822.471278	0.000000	364.502039	0.173244	0.142341
162.731989	822.471276	0.000000	364.502040	0.173244	0.142341
169.376488	822.471183	10.000000	364.502081	0.171957	0.142341
165.457793	822.471121	0.000000	364.502109	0.173244	0.142341
167.570890	822.471088	10.000000	364.502123	0.173244	0.142341
166.760445	822.471058	0.000000	364.502137	0.173244	0.142341
165.865080	822.470942	0.000000	364.502188	0.173244	0.142341
166.445109	822.470898	10.000000	364.502207	0.173244	0.142341
164.365490	822.470756	0.000000	364.502270	0.173244	0.142341
163.618764	822.470693	0.000000	364.502299	0.173244	0.141054
158.885532	822.470395	0.000000	364.502430	0.171957	0.141054
164.111148	822.470445	0.000000	364.502409	0.171957	0.141054
163.802633	822.470466	0.000000	364.502399	0.171957	0.141054
165.557406	822.470334	0.000000	364.502458	0.171957	0.142341
162.372076	822.470307	0.000000	364.502469	0.171957	0.142341
167.962818	822.470317	10.000000	364.502465	0.171957	0.142341
164.982240	822.470259	10.000000	364.502491	0.171957	0.142341
166.239125	822.469935	0.000000	364.502634	0.171957	0.141054
161.966209	822.469576	20.000000	364.502794	0.173244	0.142341
166.772679	822.469591	20.000000	364.502787	0.171957	0.142341
161.788963	822.469700	30.000000	364.502739	0.171957	0.142341
160.541642	822.469680	40.000000	364.502748	0.171957	0.142341
165.422311	822.469619	80.000000	364.502774	0.171957	0.141054
162.260744	822.469536	80.000000	364.502811	0.173244	0.141054
163.858655	822.469496	100.000000	364.502829	0.171957	0.141054
162.908522	822.469445	140.000000	364.502852	0.171957	0.141054
161.413172	822.469183	240.000000	364.502967	0.171957	0.142341
161.956338	822.469093	290.000000	364.503007	0.171957	0.142341
161.987837	822.469076	640.000000	364.503015	0.171957	0.141054
162.376663	822.469099	640.000000	364.503005	0.171957	0.142341
159.695919	822.468910	630.000000	364.503089	0.171957	0.141054
158.675626	822.468910	780.000000	364.503089	0.171957	0.142341
159.651866	822.468885	640.000000	364.503100	0.171957	0.142341
160.019272	822.468665	760.000000	364.503197	0.173244	0.141054
161.243566	822.468623	800.000000	364.503216	0.171957	0.142341
160.459952	822.468471	780.000000	364.503283	0.171957	0.142341
158.546333	822.468376	540.000000	364.503325	0.173244	0.142341
159.766681	822.468313	650.000000	364.503353	0.171957	0.142341
158.252415	822.468258	440.000000	364.503378	0.171957	0.141054
159.897306	822.468096	440.000000	364.503449	0.173244	0.142341
157.643752	822.468126	220.000000	364.503436	0.173244	0.142341
159.437276	822.468106	200.000000	364.503445	0.173244	0.142341
159.369402	822.467925	180.000000	364.503525	0.171957	0.142341
157.174366	822.467931	90.000000	364.503522	0.171957	0.142341
156.328792	822.467724	50.000000	364.503614	0.171957	0.142341
156.832958	822.467763	50.000000	364.503597	0.173244	0.142341
159.788054	822.467739	20.000000	364.503608	0.173244	0.142341
153.331898	822.467492	20.000000	364.503717	0.173244	0.142341
154.911780	822.467286	20.000000	364.503809	0.173244	0.142341
152.967533	822.467343	10.000000	364.503783	0.173244	0.142341
156.150282	822.467291	0.000000	364.503806	0.173244	0.142341
155.514677	822.467289	10.000000	364.503807	0.173244	0.142341
159.947603	822.467291	20.000000	364.503806	0.173244	0.142341
161.010041	822.467371	10.000000	364.503771	0.173244	0.142341
157.190044	822.467579	10.000000	364.503679	0.173244	0.141054
162.530613	822.467718	30.000000	364.503617	0.173244	0.142341
160.314293	822.467834	20.000000	364.503566	0.173244	0.142341
158.630366	822.467859	20.000000	364.503554	0.171957	0.142341
158.521956	822.467678	20.000000	364.503635	0.171957	0.142341
156.472461	822.467898	30.000000	364.503537	0.173244	0.141054
157.769717	822.468118	40.000000	364.503440	0.173244	0.141054
160.704799	822.468106	140.000000	364.503445	0.171957	0.142341
158.239391	822.468158	140.000000	364.503422	0.171957	0.141054
158.997877	822.468303	280.000000	364.503358	0.171957	0.142341
158.039675	822.468381	290.000000	364.503323	0.171957	0.142341
160.463323	822.468367	430.000000	364.503329	0.171957	0.141054
155.925389	822.468599	520.000000	364.503226	0.171957	0.141054
163.526363	822.468622	530.000000	364.503216	0.171957	0.141054
161.644318	822.468617	750.000000	364.503219	0.171957	0.141054
